<?xml version="1.0" encoding="UTF-8"?>

<definitions  xmlns="http://www.omg.org/spec/BPMN/20100524/MODEL" xmlns:xsi="http://www.w3.org/2001/XMLSchema-instance" xmlns:xsd="http://www.w3.org/2001/XMLSchema" xmlns:activiti="http://activiti.org/bpmn" xmlns:bpmndi="http://www.omg.org/spec/BPMN/20100524/DI" xmlns:omgdc="http://www.omg.org/spec/DD/20100524/DC" xmlns:omgdi="http://www.omg.org/spec/DD/20100524/DI" typeLanguage="http://www.w3.org/2001/XMLSchema" expressionLanguage="http://www.w3.org/1999/XPath" targetNamespace="http://www.activiti.org/test">
  <process id="myProcess1536117629924" name="演示-请假流程" isExecutable="true">
    <startEvent id="startevent440269177928916864" name="Start"/>
    <sequenceFlow id="flow1" sourceRef="startevent440269177928916864" targetRef="usertask440270019650232192"/>
    <endEvent id="endevent440269178004414336" name="End"/>
    <userTask id="usertask440270019650232192" name="填写请假单" activiti:assignee="${user}"/>
    <sequenceFlow id="flow2" sourceRef="usertask440270019650232192" targetRef="exclusivegateway440270965138628481"/>
    <userTask id="usertask440270207773155200" name="组长审批" activiti:assignee="${user}"/>
    <sequenceFlow id="flow3" sourceRef="usertask440270207773155200" targetRef="exclusivegateway440271676794576768"/>
    <userTask id="usertask440270459968266112" name="部门经理审批" activiti:assignee="${user}"/>
    <sequenceFlow id="flow4" sourceRef="usertask440270459968266112" targetRef="exclusivegateway440271783548002176"/>
    <userTask id="usertask440270581779242880" name="总经理审批" activiti:assignee="${user}"/>
    <sequenceFlow id="flow5" sourceRef="usertask440270581779242880" targetRef="usertask440270713463611265"/>
    <userTask id="usertask440270713463611265" name="人事备案" activiti:assignee="${user}"/>
    <sequenceFlow id="flow6" sourceRef="usertask440270713463611265" targetRef="endevent440269178004414336"/>
    <exclusiveGateway id="exclusivegateway440270965138628481" name="Exclusive Gateway"/>
    <sequenceFlow id="flow7" sourceRef="exclusivegateway440270965138628481" targetRef="usertask440270207773155200">
      <conditionExpression xsi:type="tFormalExpression">${positionId==4}</conditionExpression>
    </sequenceFlow>
    <sequenceFlow id="flow8" sourceRef="exclusivegateway440270965138628481" targetRef="usertask440270459968266112">
      <conditionExpression xsi:type="tFormalExpression">${positionId==3}</conditionExpression>
    </sequenceFlow>
    <sequenceFlow id="flow9" sourceRef="exclusivegateway440270965138628481" targetRef="usertask440270581779242880">
      <conditionExpression xsi:type="tFormalExpression">${positionId==2}</conditionExpression>
    </sequenceFlow>
    <exclusiveGateway id="exclusivegateway440271676794576768" name="Exclusive Gateway"/>
    <sequenceFlow id="flow10" sourceRef="exclusivegateway440271676794576768" targetRef="usertask440270459968266112">
      <conditionExpression xsi:type="tFormalExpression">${days&gt;3}</conditionExpression>
    </sequenceFlow>
    <sequenceFlow id="flow11" sourceRef="exclusivegateway440271676794576768" targetRef="usertask440270713463611265">
      <conditionExpression xsi:type="tFormalExpression">${days&lt;=3}</conditionExpression>
    </sequenceFlow>
    <exclusiveGateway id="exclusivegateway440271783548002176" name="Exclusive Gateway"/>
    <sequenceFlow id="flow12" sourceRef="exclusivegateway440271783548002176" targetRef="usertask440270581779242880">
      <conditionExpression xsi:type="tFormalExpression">${days&gt;10}</conditionExpression>
    </sequenceFlow>
    <sequenceFlow id="flow13" sourceRef="exclusivegateway440271783548002176" targetRef="usertask440270713463611265">
      <conditionExpression xsi:type="tFormalExpression">${days&lt;=10}</conditionExpression>
    </sequenceFlow>
  </process>
</definitions>
