<?xml version="1.0" encoding="UTF-8" ?>
<!DOCTYPE mapper PUBLIC "-//mybatis.org//DTD Mapper 3.0//EN" "http://mybatis.org/dtd/mybatis-3-mapper.dtd" >
<mapper namespace="com.differ.jackyun.wms.dao.JWmsFlagMapper" >
  <resultMap id="BaseResultMap" type="com.differ.jackyun.wms.model.JWmsFlag" >
    <id column="id" property="id" jdbcType="INTEGER" />
    <result column="order_id" property="orderId" jdbcType="BIGINT" />
    <result column="flag_ID" property="flagId" jdbcType="BIGINT" />
    <result column="flag_name" property="flagName" jdbcType="VARCHAR" />
    <result column="operator" property="operator" jdbcType="VARCHAR" />
    <result column="gmt_create" property="gmtCreate" jdbcType="TIMESTAMP" />
  </resultMap>
  <sql id="Example_Where_Clause" >
    <where >
      <foreach collection="oredCriteria" item="criteria" separator="or" >
        <if test="criteria.valid" >
          <trim prefix="(" suffix=")" prefixOverrides="and" >
            <foreach collection="criteria.criteria" item="criterion" >
              <choose >
                <when test="criterion.noValue" >
                  and ${criterion.condition}
                </when>
                <when test="criterion.singleValue" >
                  and ${criterion.condition} #{criterion.value}
                </when>
                <when test="criterion.betweenValue" >
                  and ${criterion.condition} #{criterion.value} and #{criterion.secondValue}
                </when>
                <when test="criterion.listValue" >
                  and ${criterion.condition}
                  <foreach collection="criterion.value" item="listItem" open="(" close=")" separator="," >
                    #{listItem}
                  </foreach>
                </when>
              </choose>
            </foreach>
          </trim>
        </if>
      </foreach>
    </where>
  </sql>
  <sql id="Update_By_Example_Where_Clause" >
    <where >
      <foreach collection="example.oredCriteria" item="criteria" separator="or" >
        <if test="criteria.valid" >
          <trim prefix="(" suffix=")" prefixOverrides="and" >
            <foreach collection="criteria.criteria" item="criterion" >
              <choose >
                <when test="criterion.noValue" >
                  and ${criterion.condition}
                </when>
                <when test="criterion.singleValue" >
                  and ${criterion.condition} #{criterion.value}
                </when>
                <when test="criterion.betweenValue" >
                  and ${criterion.condition} #{criterion.value} and #{criterion.secondValue}
                </when>
                <when test="criterion.listValue" >
                  and ${criterion.condition}
                  <foreach collection="criterion.value" item="listItem" open="(" close=")" separator="," >
                    #{listItem}
                  </foreach>
                </when>
              </choose>
            </foreach>
          </trim>
        </if>
      </foreach>
    </where>
  </sql>
  <sql id="Base_Column_List" >
    id, order_id, flag_ID, flag_name, operator, gmt_create
  </sql>
  <select id="selectByExample" resultMap="BaseResultMap" parameterType="com.differ.jackyun.wms.model.JWmsFlagExample" >
    select
    <if test="distinct" >
      distinct
    </if>
    <include refid="Base_Column_List" />
    from j_wms_flag
    <if test="_parameter != null" >
      <include refid="Example_Where_Clause" />
    </if>
    <if test="orderByClause != null" >
      order by ${orderByClause}
    </if>
  </select>
  <select id="selectByPrimaryKey" resultMap="BaseResultMap" parameterType="java.lang.Integer" >
    select 
    <include refid="Base_Column_List" />
    from j_wms_flag
    where id = #{id,jdbcType=INTEGER}
  </select>
  <delete id="deleteByPrimaryKey" parameterType="java.lang.Integer" >
    delete from j_wms_flag
    where id = #{id,jdbcType=INTEGER}
  </delete>
  <delete id="deleteByExample" parameterType="com.differ.jackyun.wms.model.JWmsFlagExample" >
    delete from j_wms_flag
    <if test="_parameter != null" >
      <include refid="Example_Where_Clause" />
    </if>
  </delete>
  <insert id="insert" parameterType="com.differ.jackyun.wms.model.JWmsFlag" >
    insert into j_wms_flag (id, order_id, flag_ID, 
      flag_name, operator, gmt_create
      )
    values (#{id,jdbcType=INTEGER}, #{orderId,jdbcType=BIGINT}, #{flagId,jdbcType=BIGINT}, 
      #{flagName,jdbcType=VARCHAR}, #{operator,jdbcType=VARCHAR}, #{gmtCreate,jdbcType=TIMESTAMP}
      )
  </insert>
  <insert id="insertSelective" parameterType="com.differ.jackyun.wms.model.JWmsFlag" >
    insert into j_wms_flag
    <trim prefix="(" suffix=")" suffixOverrides="," >
      <if test="id != null" >
        id,
      </if>
      <if test="orderId != null" >
        order_id,
      </if>
      <if test="flagId != null" >
        flag_ID,
      </if>
      <if test="flagName != null" >
        flag_name,
      </if>
      <if test="operator != null" >
        operator,
      </if>
      <if test="gmtCreate != null" >
        gmt_create,
      </if>
    </trim>
    <trim prefix="values (" suffix=")" suffixOverrides="," >
      <if test="id != null" >
        #{id,jdbcType=INTEGER},
      </if>
      <if test="orderId != null" >
        #{orderId,jdbcType=BIGINT},
      </if>
      <if test="flagId != null" >
        #{flagId,jdbcType=BIGINT},
      </if>
      <if test="flagName != null" >
        #{flagName,jdbcType=VARCHAR},
      </if>
      <if test="operator != null" >
        #{operator,jdbcType=VARCHAR},
      </if>
      <if test="gmtCreate != null" >
        #{gmtCreate,jdbcType=TIMESTAMP},
      </if>
    </trim>
  </insert>
  <select id="countByExample" parameterType="com.differ.jackyun.wms.model.JWmsFlagExample" resultType="java.lang.Integer" >
    select count(*) from j_wms_flag
    <if test="_parameter != null" >
      <include refid="Example_Where_Clause" />
    </if>
  </select>
  <update id="updateByExampleSelective" parameterType="map" >
    update j_wms_flag
    <set >
      <if test="record.id != null" >
        id = #{record.id,jdbcType=INTEGER},
      </if>
      <if test="record.orderId != null" >
        order_id = #{record.orderId,jdbcType=BIGINT},
      </if>
      <if test="record.flagId != null" >
        flag_ID = #{record.flagId,jdbcType=BIGINT},
      </if>
      <if test="record.flagName != null" >
        flag_name = #{record.flagName,jdbcType=VARCHAR},
      </if>
      <if test="record.operator != null" >
        operator = #{record.operator,jdbcType=VARCHAR},
      </if>
      <if test="record.gmtCreate != null" >
        gmt_create = #{record.gmtCreate,jdbcType=TIMESTAMP},
      </if>
    </set>
    <if test="_parameter != null" >
      <include refid="Update_By_Example_Where_Clause" />
    </if>
  </update>
  <update id="updateByExample" parameterType="map" >
    update j_wms_flag
    set id = #{record.id,jdbcType=INTEGER},
      order_id = #{record.orderId,jdbcType=BIGINT},
      flag_ID = #{record.flagId,jdbcType=BIGINT},
      flag_name = #{record.flagName,jdbcType=VARCHAR},
      operator = #{record.operator,jdbcType=VARCHAR},
      gmt_create = #{record.gmtCreate,jdbcType=TIMESTAMP}
    <if test="_parameter != null" >
      <include refid="Update_By_Example_Where_Clause" />
    </if>
  </update>
  <update id="updateByPrimaryKeySelective" parameterType="com.differ.jackyun.wms.model.JWmsFlag" >
    update j_wms_flag
    <set >
      <if test="orderId != null" >
        order_id = #{orderId,jdbcType=BIGINT},
      </if>
      <if test="flagId != null" >
        flag_ID = #{flagId,jdbcType=BIGINT},
      </if>
      <if test="flagName != null" >
        flag_name = #{flagName,jdbcType=VARCHAR},
      </if>
      <if test="operator != null" >
        operator = #{operator,jdbcType=VARCHAR},
      </if>
      <if test="gmtCreate != null" >
        gmt_create = #{gmtCreate,jdbcType=TIMESTAMP},
      </if>
    </set>
    where id = #{id,jdbcType=INTEGER}
  </update>
  <update id="updateByPrimaryKey" parameterType="com.differ.jackyun.wms.model.JWmsFlag" >
    update j_wms_flag
    set order_id = #{orderId,jdbcType=BIGINT},
      flag_ID = #{flagId,jdbcType=BIGINT},
      flag_name = #{flagName,jdbcType=VARCHAR},
      operator = #{operator,jdbcType=VARCHAR},
      gmt_create = #{gmtCreate,jdbcType=TIMESTAMP}
    where id = #{id,jdbcType=INTEGER}
  </update>
</mapper>