<?xml version="1.0" encoding="UTF-8" ?>
<!DOCTYPE mapper PUBLIC "-//mybatis.org//DTD Mapper 3.0//EN" "http://mybatis.org/dtd/mybatis-3-mapper.dtd" >
<mapper namespace="com.taotao.mapper.GCfgSpeclistMapper" >
  <resultMap id="BaseResultMap" type="com.taotao.pojo.GCfgSpeclist" >
    <id column="RecID" property="recid" jdbcType="INTEGER" />
    <result column="SpecType" property="spectype" jdbcType="INTEGER" />
    <result column="SpecName" property="specname" jdbcType="VARCHAR" />
    <result column="OrderPos" property="orderpos" jdbcType="INTEGER" />
    <result column="SpecCode" property="speccode" jdbcType="VARCHAR" />
  </resultMap>
  <sql id="Example_Where_Clause" >
    <where >
      <foreach collection="oredCriteria" item="criteria" separator="or" >
        <if test="criteria.valid" >
          <trim prefix="(" suffix=")" prefixOverrides="and" >
            <foreach collection="criteria.criteria" item="criterion" >
              <choose >
                <when test="criterion.noValue" >
                  and ${criterion.condition}
                </when>
                <when test="criterion.singleValue" >
                  and ${criterion.condition} #{criterion.value}
                </when>
                <when test="criterion.betweenValue" >
                  and ${criterion.condition} #{criterion.value} and #{criterion.secondValue}
                </when>
                <when test="criterion.listValue" >
                  and ${criterion.condition}
                  <foreach collection="criterion.value" item="listItem" open="(" close=")" separator="," >
                    #{listItem}
                  </foreach>
                </when>
              </choose>
            </foreach>
          </trim>
        </if>
      </foreach>
    </where>
  </sql>
  <sql id="Update_By_Example_Where_Clause" >
    <where >
      <foreach collection="example.oredCriteria" item="criteria" separator="or" >
        <if test="criteria.valid" >
          <trim prefix="(" suffix=")" prefixOverrides="and" >
            <foreach collection="criteria.criteria" item="criterion" >
              <choose >
                <when test="criterion.noValue" >
                  and ${criterion.condition}
                </when>
                <when test="criterion.singleValue" >
                  and ${criterion.condition} #{criterion.value}
                </when>
                <when test="criterion.betweenValue" >
                  and ${criterion.condition} #{criterion.value} and #{criterion.secondValue}
                </when>
                <when test="criterion.listValue" >
                  and ${criterion.condition}
                  <foreach collection="criterion.value" item="listItem" open="(" close=")" separator="," >
                    #{listItem}
                  </foreach>
                </when>
              </choose>
            </foreach>
          </trim>
        </if>
      </foreach>
    </where>
  </sql>
  <sql id="Base_Column_List" >
    RecID, SpecType, SpecName, OrderPos, SpecCode
  </sql>
  <select id="selectByExample" resultMap="BaseResultMap" parameterType="com.taotao.pojo.GCfgSpeclistExample" >
    select
    <if test="distinct" >
      distinct
    </if>
    <include refid="Base_Column_List" />
    from g_cfg_speclist
    <if test="_parameter != null" >
      <include refid="Example_Where_Clause" />
    </if>
    <if test="orderByClause != null" >
      order by ${orderByClause}
    </if>
  </select>
  <select id="selectByPrimaryKey" resultMap="BaseResultMap" parameterType="java.lang.Integer" >
    select 
    <include refid="Base_Column_List" />
    from g_cfg_speclist
    where RecID = #{recid,jdbcType=INTEGER}
  </select>
  <delete id="deleteByPrimaryKey" parameterType="java.lang.Integer" >
    delete from g_cfg_speclist
    where RecID = #{recid,jdbcType=INTEGER}
  </delete>
  <delete id="deleteByExample" parameterType="com.taotao.pojo.GCfgSpeclistExample" >
    delete from g_cfg_speclist
    <if test="_parameter != null" >
      <include refid="Example_Where_Clause" />
    </if>
  </delete>
  <insert id="insert" parameterType="com.taotao.pojo.GCfgSpeclist" >
    insert into g_cfg_speclist (RecID, SpecType, SpecName, 
      OrderPos, SpecCode)
    values (#{recid,jdbcType=INTEGER}, #{spectype,jdbcType=INTEGER}, #{specname,jdbcType=VARCHAR}, 
      #{orderpos,jdbcType=INTEGER}, #{speccode,jdbcType=VARCHAR})
  </insert>
  <insert id="insertSelective" parameterType="com.taotao.pojo.GCfgSpeclist" >
    insert into g_cfg_speclist
    <trim prefix="(" suffix=")" suffixOverrides="," >
      <if test="recid != null" >
        RecID,
      </if>
      <if test="spectype != null" >
        SpecType,
      </if>
      <if test="specname != null" >
        SpecName,
      </if>
      <if test="orderpos != null" >
        OrderPos,
      </if>
      <if test="speccode != null" >
        SpecCode,
      </if>
    </trim>
    <trim prefix="values (" suffix=")" suffixOverrides="," >
      <if test="recid != null" >
        #{recid,jdbcType=INTEGER},
      </if>
      <if test="spectype != null" >
        #{spectype,jdbcType=INTEGER},
      </if>
      <if test="specname != null" >
        #{specname,jdbcType=VARCHAR},
      </if>
      <if test="orderpos != null" >
        #{orderpos,jdbcType=INTEGER},
      </if>
      <if test="speccode != null" >
        #{speccode,jdbcType=VARCHAR},
      </if>
    </trim>
  </insert>
  <select id="countByExample" parameterType="com.taotao.pojo.GCfgSpeclistExample" resultType="java.lang.Integer" >
    select count(*) from g_cfg_speclist
    <if test="_parameter != null" >
      <include refid="Example_Where_Clause" />
    </if>
  </select>
  <update id="updateByExampleSelective" parameterType="map" >
    update g_cfg_speclist
    <set >
      <if test="record.recid != null" >
        RecID = #{record.recid,jdbcType=INTEGER},
      </if>
      <if test="record.spectype != null" >
        SpecType = #{record.spectype,jdbcType=INTEGER},
      </if>
      <if test="record.specname != null" >
        SpecName = #{record.specname,jdbcType=VARCHAR},
      </if>
      <if test="record.orderpos != null" >
        OrderPos = #{record.orderpos,jdbcType=INTEGER},
      </if>
      <if test="record.speccode != null" >
        SpecCode = #{record.speccode,jdbcType=VARCHAR},
      </if>
    </set>
    <if test="_parameter != null" >
      <include refid="Update_By_Example_Where_Clause" />
    </if>
  </update>
  <update id="updateByExample" parameterType="map" >
    update g_cfg_speclist
    set RecID = #{record.recid,jdbcType=INTEGER},
      SpecType = #{record.spectype,jdbcType=INTEGER},
      SpecName = #{record.specname,jdbcType=VARCHAR},
      OrderPos = #{record.orderpos,jdbcType=INTEGER},
      SpecCode = #{record.speccode,jdbcType=VARCHAR}
    <if test="_parameter != null" >
      <include refid="Update_By_Example_Where_Clause" />
    </if>
  </update>
  <update id="updateByPrimaryKeySelective" parameterType="com.taotao.pojo.GCfgSpeclist" >
    update g_cfg_speclist
    <set >
      <if test="spectype != null" >
        SpecType = #{spectype,jdbcType=INTEGER},
      </if>
      <if test="specname != null" >
        SpecName = #{specname,jdbcType=VARCHAR},
      </if>
      <if test="orderpos != null" >
        OrderPos = #{orderpos,jdbcType=INTEGER},
      </if>
      <if test="speccode != null" >
        SpecCode = #{speccode,jdbcType=VARCHAR},
      </if>
    </set>
    where RecID = #{recid,jdbcType=INTEGER}
  </update>
  <update id="updateByPrimaryKey" parameterType="com.taotao.pojo.GCfgSpeclist" >
    update g_cfg_speclist
    set SpecType = #{spectype,jdbcType=INTEGER},
      SpecName = #{specname,jdbcType=VARCHAR},
      OrderPos = #{orderpos,jdbcType=INTEGER},
      SpecCode = #{speccode,jdbcType=VARCHAR}
    where RecID = #{recid,jdbcType=INTEGER}
  </update>
</mapper>