<?xml version="1.0" encoding="UTF-8"?>
<!DOCTYPE mapper PUBLIC "-//mybatis.org//DTD Mapper 3.0//EN" "http://mybatis.org/dtd/mybatis-3-mapper.dtd">
<mapper namespace="com.taotao.mapper.GCfgWarehouselistMapper">
  <resultMap id="BaseResultMap" type="com.taotao.pojo.GCfgWarehouselist">
    <id column="WarehouseID" jdbcType="INTEGER" property="warehouseid" />
    <result column="WarehouseName" jdbcType="VARCHAR" property="warehousename" />
    <result column="OrderPos" jdbcType="INTEGER" property="orderpos" />
    <result column="bBlockUp" jdbcType="BIT" property="bblockup" />
    <result column="WarehouseType" jdbcType="INTEGER" property="warehousetype" />
    <result column="InterfaceType" jdbcType="VARCHAR" property="interfacetype" />
    <result column="Country" jdbcType="VARCHAR" property="country" />
    <result column="Province" jdbcType="VARCHAR" property="province" />
    <result column="City" jdbcType="VARCHAR" property="city" />
    <result column="Town" jdbcType="VARCHAR" property="town" />
    <result column="Adr" jdbcType="VARCHAR" property="adr" />
    <result column="Tel" jdbcType="VARCHAR" property="tel" />
    <result column="LinkMan" jdbcType="VARCHAR" property="linkman" />
    <result column="Zip" jdbcType="VARCHAR" property="zip" />
    <result column="bNegativeStock" jdbcType="TINYINT" property="bnegativestock" />
    <result column="bAutoAddGoods" jdbcType="TINYINT" property="bautoaddgoods" />
  </resultMap>
  <sql id="Example_Where_Clause">
    <where>
      <foreach collection="oredCriteria" item="criteria" separator="or">
        <if test="criteria.valid">
          <trim prefix="(" prefixOverrides="and" suffix=")">
            <foreach collection="criteria.criteria" item="criterion">
              <choose>
                <when test="criterion.noValue">
                  and ${criterion.condition}
                </when>
                <when test="criterion.singleValue">
                  and ${criterion.condition} #{criterion.value}
                </when>
                <when test="criterion.betweenValue">
                  and ${criterion.condition} #{criterion.value} and #{criterion.secondValue}
                </when>
                <when test="criterion.listValue">
                  and ${criterion.condition}
                  <foreach close=")" collection="criterion.value" item="listItem" open="(" separator=",">
                    #{listItem}
                  </foreach>
                </when>
              </choose>
            </foreach>
          </trim>
        </if>
      </foreach>
    </where>
  </sql>
  <sql id="Update_By_Example_Where_Clause">
    <where>
      <foreach collection="example.oredCriteria" item="criteria" separator="or">
        <if test="criteria.valid">
          <trim prefix="(" prefixOverrides="and" suffix=")">
            <foreach collection="criteria.criteria" item="criterion">
              <choose>
                <when test="criterion.noValue">
                  and ${criterion.condition}
                </when>
                <when test="criterion.singleValue">
                  and ${criterion.condition} #{criterion.value}
                </when>
                <when test="criterion.betweenValue">
                  and ${criterion.condition} #{criterion.value} and #{criterion.secondValue}
                </when>
                <when test="criterion.listValue">
                  and ${criterion.condition}
                  <foreach close=")" collection="criterion.value" item="listItem" open="(" separator=",">
                    #{listItem}
                  </foreach>
                </when>
              </choose>
            </foreach>
          </trim>
        </if>
      </foreach>
    </where>
  </sql>
  <sql id="Base_Column_List">
    WarehouseID, WarehouseName, OrderPos, bBlockUp, WarehouseType, InterfaceType, Country, 
    Province, City, Town, Adr, Tel, LinkMan, Zip, bNegativeStock, bAutoAddGoods
  </sql>
  <select id="selectByExample" parameterType="com.taotao.pojo.GCfgWarehouselistExample" resultMap="BaseResultMap">
    select
    <if test="distinct">
      distinct
    </if>
    <include refid="Base_Column_List" />
    from g_cfg_warehouselist
    <if test="_parameter != null">
      <include refid="Example_Where_Clause" />
    </if>
    <if test="orderByClause != null">
      order by ${orderByClause}
    </if>
  </select>
  <select id="selectByPrimaryKey" parameterType="java.lang.Integer" resultMap="BaseResultMap">
    select 
    <include refid="Base_Column_List" />
    from g_cfg_warehouselist
    where WarehouseID = #{warehouseid,jdbcType=INTEGER}
  </select>
  <delete id="deleteByPrimaryKey" parameterType="java.lang.Integer">
    delete from g_cfg_warehouselist
    where WarehouseID = #{warehouseid,jdbcType=INTEGER}
  </delete>
  <delete id="deleteByExample" parameterType="com.taotao.pojo.GCfgWarehouselistExample">
    delete from g_cfg_warehouselist
    <if test="_parameter != null">
      <include refid="Example_Where_Clause" />
    </if>
  </delete>
  <insert id="insert" parameterType="com.taotao.pojo.GCfgWarehouselist">
    insert into g_cfg_warehouselist (WarehouseID, WarehouseName, OrderPos, 
      bBlockUp, WarehouseType, InterfaceType, 
      Country, Province, City, 
      Town, Adr, Tel, LinkMan, 
      Zip, bNegativeStock, bAutoAddGoods
      )
    values (#{warehouseid,jdbcType=INTEGER}, #{warehousename,jdbcType=VARCHAR}, #{orderpos,jdbcType=INTEGER}, 
      #{bblockup,jdbcType=BIT}, #{warehousetype,jdbcType=INTEGER}, #{interfacetype,jdbcType=VARCHAR}, 
      #{country,jdbcType=VARCHAR}, #{province,jdbcType=VARCHAR}, #{city,jdbcType=VARCHAR}, 
      #{town,jdbcType=VARCHAR}, #{adr,jdbcType=VARCHAR}, #{tel,jdbcType=VARCHAR}, #{linkman,jdbcType=VARCHAR}, 
      #{zip,jdbcType=VARCHAR}, #{bnegativestock,jdbcType=TINYINT}, #{bautoaddgoods,jdbcType=TINYINT}
      )
  </insert>
  <insert id="insertSelective" parameterType="com.taotao.pojo.GCfgWarehouselist">
    insert into g_cfg_warehouselist
    <trim prefix="(" suffix=")" suffixOverrides=",">
      <if test="warehouseid != null">
        WarehouseID,
      </if>
      <if test="warehousename != null">
        WarehouseName,
      </if>
      <if test="orderpos != null">
        OrderPos,
      </if>
      <if test="bblockup != null">
        bBlockUp,
      </if>
      <if test="warehousetype != null">
        WarehouseType,
      </if>
      <if test="interfacetype != null">
        InterfaceType,
      </if>
      <if test="country != null">
        Country,
      </if>
      <if test="province != null">
        Province,
      </if>
      <if test="city != null">
        City,
      </if>
      <if test="town != null">
        Town,
      </if>
      <if test="adr != null">
        Adr,
      </if>
      <if test="tel != null">
        Tel,
      </if>
      <if test="linkman != null">
        LinkMan,
      </if>
      <if test="zip != null">
        Zip,
      </if>
      <if test="bnegativestock != null">
        bNegativeStock,
      </if>
      <if test="bautoaddgoods != null">
        bAutoAddGoods,
      </if>
    </trim>
    <trim prefix="values (" suffix=")" suffixOverrides=",">
      <if test="warehouseid != null">
        #{warehouseid,jdbcType=INTEGER},
      </if>
      <if test="warehousename != null">
        #{warehousename,jdbcType=VARCHAR},
      </if>
      <if test="orderpos != null">
        #{orderpos,jdbcType=INTEGER},
      </if>
      <if test="bblockup != null">
        #{bblockup,jdbcType=BIT},
      </if>
      <if test="warehousetype != null">
        #{warehousetype,jdbcType=INTEGER},
      </if>
      <if test="interfacetype != null">
        #{interfacetype,jdbcType=VARCHAR},
      </if>
      <if test="country != null">
        #{country,jdbcType=VARCHAR},
      </if>
      <if test="province != null">
        #{province,jdbcType=VARCHAR},
      </if>
      <if test="city != null">
        #{city,jdbcType=VARCHAR},
      </if>
      <if test="town != null">
        #{town,jdbcType=VARCHAR},
      </if>
      <if test="adr != null">
        #{adr,jdbcType=VARCHAR},
      </if>
      <if test="tel != null">
        #{tel,jdbcType=VARCHAR},
      </if>
      <if test="linkman != null">
        #{linkman,jdbcType=VARCHAR},
      </if>
      <if test="zip != null">
        #{zip,jdbcType=VARCHAR},
      </if>
      <if test="bnegativestock != null">
        #{bnegativestock,jdbcType=TINYINT},
      </if>
      <if test="bautoaddgoods != null">
        #{bautoaddgoods,jdbcType=TINYINT},
      </if>
    </trim>
  </insert>
  <select id="countByExample" parameterType="com.taotao.pojo.GCfgWarehouselistExample" resultType="java.lang.Integer">
    select count(*) from g_cfg_warehouselist
    <if test="_parameter != null">
      <include refid="Example_Where_Clause" />
    </if>
  </select>
  <update id="updateByExampleSelective" parameterType="map">
    update g_cfg_warehouselist
    <set>
      <if test="record.warehouseid != null">
        WarehouseID = #{record.warehouseid,jdbcType=INTEGER},
      </if>
      <if test="record.warehousename != null">
        WarehouseName = #{record.warehousename,jdbcType=VARCHAR},
      </if>
      <if test="record.orderpos != null">
        OrderPos = #{record.orderpos,jdbcType=INTEGER},
      </if>
      <if test="record.bblockup != null">
        bBlockUp = #{record.bblockup,jdbcType=BIT},
      </if>
      <if test="record.warehousetype != null">
        WarehouseType = #{record.warehousetype,jdbcType=INTEGER},
      </if>
      <if test="record.interfacetype != null">
        InterfaceType = #{record.interfacetype,jdbcType=VARCHAR},
      </if>
      <if test="record.country != null">
        Country = #{record.country,jdbcType=VARCHAR},
      </if>
      <if test="record.province != null">
        Province = #{record.province,jdbcType=VARCHAR},
      </if>
      <if test="record.city != null">
        City = #{record.city,jdbcType=VARCHAR},
      </if>
      <if test="record.town != null">
        Town = #{record.town,jdbcType=VARCHAR},
      </if>
      <if test="record.adr != null">
        Adr = #{record.adr,jdbcType=VARCHAR},
      </if>
      <if test="record.tel != null">
        Tel = #{record.tel,jdbcType=VARCHAR},
      </if>
      <if test="record.linkman != null">
        LinkMan = #{record.linkman,jdbcType=VARCHAR},
      </if>
      <if test="record.zip != null">
        Zip = #{record.zip,jdbcType=VARCHAR},
      </if>
      <if test="record.bnegativestock != null">
        bNegativeStock = #{record.bnegativestock,jdbcType=TINYINT},
      </if>
      <if test="record.bautoaddgoods != null">
        bAutoAddGoods = #{record.bautoaddgoods,jdbcType=TINYINT},
      </if>
    </set>
    <if test="_parameter != null">
      <include refid="Update_By_Example_Where_Clause" />
    </if>
  </update>
  <update id="updateByExample" parameterType="map">
    update g_cfg_warehouselist
    set WarehouseID = #{record.warehouseid,jdbcType=INTEGER},
      WarehouseName = #{record.warehousename,jdbcType=VARCHAR},
      OrderPos = #{record.orderpos,jdbcType=INTEGER},
      bBlockUp = #{record.bblockup,jdbcType=BIT},
      WarehouseType = #{record.warehousetype,jdbcType=INTEGER},
      InterfaceType = #{record.interfacetype,jdbcType=VARCHAR},
      Country = #{record.country,jdbcType=VARCHAR},
      Province = #{record.province,jdbcType=VARCHAR},
      City = #{record.city,jdbcType=VARCHAR},
      Town = #{record.town,jdbcType=VARCHAR},
      Adr = #{record.adr,jdbcType=VARCHAR},
      Tel = #{record.tel,jdbcType=VARCHAR},
      LinkMan = #{record.linkman,jdbcType=VARCHAR},
      Zip = #{record.zip,jdbcType=VARCHAR},
      bNegativeStock = #{record.bnegativestock,jdbcType=TINYINT},
      bAutoAddGoods = #{record.bautoaddgoods,jdbcType=TINYINT}
    <if test="_parameter != null">
      <include refid="Update_By_Example_Where_Clause" />
    </if>
  </update>
  <update id="updateByPrimaryKeySelective" parameterType="com.taotao.pojo.GCfgWarehouselist">
    update g_cfg_warehouselist
    <set>
      <if test="warehousename != null">
        WarehouseName = #{warehousename,jdbcType=VARCHAR},
      </if>
      <if test="orderpos != null">
        OrderPos = #{orderpos,jdbcType=INTEGER},
      </if>
      <if test="bblockup != null">
        bBlockUp = #{bblockup,jdbcType=BIT},
      </if>
      <if test="warehousetype != null">
        WarehouseType = #{warehousetype,jdbcType=INTEGER},
      </if>
      <if test="interfacetype != null">
        InterfaceType = #{interfacetype,jdbcType=VARCHAR},
      </if>
      <if test="country != null">
        Country = #{country,jdbcType=VARCHAR},
      </if>
      <if test="province != null">
        Province = #{province,jdbcType=VARCHAR},
      </if>
      <if test="city != null">
        City = #{city,jdbcType=VARCHAR},
      </if>
      <if test="town != null">
        Town = #{town,jdbcType=VARCHAR},
      </if>
      <if test="adr != null">
        Adr = #{adr,jdbcType=VARCHAR},
      </if>
      <if test="tel != null">
        Tel = #{tel,jdbcType=VARCHAR},
      </if>
      <if test="linkman != null">
        LinkMan = #{linkman,jdbcType=VARCHAR},
      </if>
      <if test="zip != null">
        Zip = #{zip,jdbcType=VARCHAR},
      </if>
      <if test="bnegativestock != null">
        bNegativeStock = #{bnegativestock,jdbcType=TINYINT},
      </if>
      <if test="bautoaddgoods != null">
        bAutoAddGoods = #{bautoaddgoods,jdbcType=TINYINT},
      </if>
    </set>
    where WarehouseID = #{warehouseid,jdbcType=INTEGER}
  </update>
  <update id="updateByPrimaryKey" parameterType="com.taotao.pojo.GCfgWarehouselist">
    update g_cfg_warehouselist
    set WarehouseName = #{warehousename,jdbcType=VARCHAR},
      OrderPos = #{orderpos,jdbcType=INTEGER},
      bBlockUp = #{bblockup,jdbcType=BIT},
      WarehouseType = #{warehousetype,jdbcType=INTEGER},
      InterfaceType = #{interfacetype,jdbcType=VARCHAR},
      Country = #{country,jdbcType=VARCHAR},
      Province = #{province,jdbcType=VARCHAR},
      City = #{city,jdbcType=VARCHAR},
      Town = #{town,jdbcType=VARCHAR},
      Adr = #{adr,jdbcType=VARCHAR},
      Tel = #{tel,jdbcType=VARCHAR},
      LinkMan = #{linkman,jdbcType=VARCHAR},
      Zip = #{zip,jdbcType=VARCHAR},
      bNegativeStock = #{bnegativestock,jdbcType=TINYINT},
      bAutoAddGoods = #{bautoaddgoods,jdbcType=TINYINT}
    where WarehouseID = #{warehouseid,jdbcType=INTEGER}
  </update>
  <resultMap id="BaseResultMap" type="com.taotao.pojo.GCfgWarehouselist">
    <id column="WarehouseID" jdbcType="INTEGER" property="warehouseid" />
    <result column="WarehouseName" jdbcType="VARCHAR" property="warehousename" />
    <result column="OrderPos" jdbcType="INTEGER" property="orderpos" />
    <result column="bBlockUp" jdbcType="BIT" property="bblockup" />
    <result column="WarehouseType" jdbcType="INTEGER" property="warehousetype" />
    <result column="InterfaceType" jdbcType="VARCHAR" property="interfacetype" />
    <result column="Country" jdbcType="VARCHAR" property="country" />
    <result column="Province" jdbcType="VARCHAR" property="province" />
    <result column="City" jdbcType="VARCHAR" property="city" />
    <result column="Town" jdbcType="VARCHAR" property="town" />
    <result column="Adr" jdbcType="VARCHAR" property="adr" />
    <result column="Tel" jdbcType="VARCHAR" property="tel" />
    <result column="LinkMan" jdbcType="VARCHAR" property="linkman" />
    <result column="Zip" jdbcType="VARCHAR" property="zip" />
    <result column="bNegativeStock" jdbcType="TINYINT" property="bnegativestock" />
    <result column="bAutoAddGoods" jdbcType="TINYINT" property="bautoaddgoods" />
  </resultMap>
  <sql id="Example_Where_Clause">
    <where>
      <foreach collection="oredCriteria" item="criteria" separator="or">
        <if test="criteria.valid">
          <trim prefix="(" prefixOverrides="and" suffix=")">
            <foreach collection="criteria.criteria" item="criterion">
              <choose>
                <when test="criterion.noValue">
                  and ${criterion.condition}
                </when>
                <when test="criterion.singleValue">
                  and ${criterion.condition} #{criterion.value}
                </when>
                <when test="criterion.betweenValue">
                  and ${criterion.condition} #{criterion.value} and #{criterion.secondValue}
                </when>
                <when test="criterion.listValue">
                  and ${criterion.condition}
                  <foreach close=")" collection="criterion.value" item="listItem" open="(" separator=",">
                    #{listItem}
                  </foreach>
                </when>
              </choose>
            </foreach>
          </trim>
        </if>
      </foreach>
    </where>
  </sql>
  <sql id="Update_By_Example_Where_Clause">
    <where>
      <foreach collection="example.oredCriteria" item="criteria" separator="or">
        <if test="criteria.valid">
          <trim prefix="(" prefixOverrides="and" suffix=")">
            <foreach collection="criteria.criteria" item="criterion">
              <choose>
                <when test="criterion.noValue">
                  and ${criterion.condition}
                </when>
                <when test="criterion.singleValue">
                  and ${criterion.condition} #{criterion.value}
                </when>
                <when test="criterion.betweenValue">
                  and ${criterion.condition} #{criterion.value} and #{criterion.secondValue}
                </when>
                <when test="criterion.listValue">
                  and ${criterion.condition}
                  <foreach close=")" collection="criterion.value" item="listItem" open="(" separator=",">
                    #{listItem}
                  </foreach>
                </when>
              </choose>
            </foreach>
          </trim>
        </if>
      </foreach>
    </where>
  </sql>
  <sql id="Base_Column_List">
    WarehouseID, WarehouseName, OrderPos, bBlockUp, WarehouseType, InterfaceType, Country, 
    Province, City, Town, Adr, Tel, LinkMan, Zip, bNegativeStock, bAutoAddGoods
  </sql>
  <select id="selectByExample" parameterType="com.taotao.pojo.GCfgWarehouselistExample" resultMap="BaseResultMap">
    select
    <if test="distinct">
      distinct
    </if>
    <include refid="Base_Column_List" />
    from g_cfg_warehouselist
    <if test="_parameter != null">
      <include refid="Example_Where_Clause" />
    </if>
    <if test="orderByClause != null">
      order by ${orderByClause}
    </if>
  </select>
  <select id="selectByPrimaryKey" parameterType="java.lang.Integer" resultMap="BaseResultMap">
    select 
    <include refid="Base_Column_List" />
    from g_cfg_warehouselist
    where WarehouseID = #{warehouseid,jdbcType=INTEGER}
  </select>
  <delete id="deleteByPrimaryKey" parameterType="java.lang.Integer">
    delete from g_cfg_warehouselist
    where WarehouseID = #{warehouseid,jdbcType=INTEGER}
  </delete>
  <delete id="deleteByExample" parameterType="com.taotao.pojo.GCfgWarehouselistExample">
    delete from g_cfg_warehouselist
    <if test="_parameter != null">
      <include refid="Example_Where_Clause" />
    </if>
  </delete>
  <insert id="insert" parameterType="com.taotao.pojo.GCfgWarehouselist">
    insert into g_cfg_warehouselist (WarehouseID, WarehouseName, OrderPos, 
      bBlockUp, WarehouseType, InterfaceType, 
      Country, Province, City, 
      Town, Adr, Tel, LinkMan, 
      Zip, bNegativeStock, bAutoAddGoods
      )
    values (#{warehouseid,jdbcType=INTEGER}, #{warehousename,jdbcType=VARCHAR}, #{orderpos,jdbcType=INTEGER}, 
      #{bblockup,jdbcType=BIT}, #{warehousetype,jdbcType=INTEGER}, #{interfacetype,jdbcType=VARCHAR}, 
      #{country,jdbcType=VARCHAR}, #{province,jdbcType=VARCHAR}, #{city,jdbcType=VARCHAR}, 
      #{town,jdbcType=VARCHAR}, #{adr,jdbcType=VARCHAR}, #{tel,jdbcType=VARCHAR}, #{linkman,jdbcType=VARCHAR}, 
      #{zip,jdbcType=VARCHAR}, #{bnegativestock,jdbcType=TINYINT}, #{bautoaddgoods,jdbcType=TINYINT}
      )
  </insert>
  <insert id="insertSelective" parameterType="com.taotao.pojo.GCfgWarehouselist">
    insert into g_cfg_warehouselist
    <trim prefix="(" suffix=")" suffixOverrides=",">
      <if test="warehouseid != null">
        WarehouseID,
      </if>
      <if test="warehousename != null">
        WarehouseName,
      </if>
      <if test="orderpos != null">
        OrderPos,
      </if>
      <if test="bblockup != null">
        bBlockUp,
      </if>
      <if test="warehousetype != null">
        WarehouseType,
      </if>
      <if test="interfacetype != null">
        InterfaceType,
      </if>
      <if test="country != null">
        Country,
      </if>
      <if test="province != null">
        Province,
      </if>
      <if test="city != null">
        City,
      </if>
      <if test="town != null">
        Town,
      </if>
      <if test="adr != null">
        Adr,
      </if>
      <if test="tel != null">
        Tel,
      </if>
      <if test="linkman != null">
        LinkMan,
      </if>
      <if test="zip != null">
        Zip,
      </if>
      <if test="bnegativestock != null">
        bNegativeStock,
      </if>
      <if test="bautoaddgoods != null">
        bAutoAddGoods,
      </if>
    </trim>
    <trim prefix="values (" suffix=")" suffixOverrides=",">
      <if test="warehouseid != null">
        #{warehouseid,jdbcType=INTEGER},
      </if>
      <if test="warehousename != null">
        #{warehousename,jdbcType=VARCHAR},
      </if>
      <if test="orderpos != null">
        #{orderpos,jdbcType=INTEGER},
      </if>
      <if test="bblockup != null">
        #{bblockup,jdbcType=BIT},
      </if>
      <if test="warehousetype != null">
        #{warehousetype,jdbcType=INTEGER},
      </if>
      <if test="interfacetype != null">
        #{interfacetype,jdbcType=VARCHAR},
      </if>
      <if test="country != null">
        #{country,jdbcType=VARCHAR},
      </if>
      <if test="province != null">
        #{province,jdbcType=VARCHAR},
      </if>
      <if test="city != null">
        #{city,jdbcType=VARCHAR},
      </if>
      <if test="town != null">
        #{town,jdbcType=VARCHAR},
      </if>
      <if test="adr != null">
        #{adr,jdbcType=VARCHAR},
      </if>
      <if test="tel != null">
        #{tel,jdbcType=VARCHAR},
      </if>
      <if test="linkman != null">
        #{linkman,jdbcType=VARCHAR},
      </if>
      <if test="zip != null">
        #{zip,jdbcType=VARCHAR},
      </if>
      <if test="bnegativestock != null">
        #{bnegativestock,jdbcType=TINYINT},
      </if>
      <if test="bautoaddgoods != null">
        #{bautoaddgoods,jdbcType=TINYINT},
      </if>
    </trim>
  </insert>
  <select id="countByExample" parameterType="com.taotao.pojo.GCfgWarehouselistExample" resultType="java.lang.Integer">
    select count(*) from g_cfg_warehouselist
    <if test="_parameter != null">
      <include refid="Example_Where_Clause" />
    </if>
  </select>
  <update id="updateByExampleSelective" parameterType="map">
    update g_cfg_warehouselist
    <set>
      <if test="record.warehouseid != null">
        WarehouseID = #{record.warehouseid,jdbcType=INTEGER},
      </if>
      <if test="record.warehousename != null">
        WarehouseName = #{record.warehousename,jdbcType=VARCHAR},
      </if>
      <if test="record.orderpos != null">
        OrderPos = #{record.orderpos,jdbcType=INTEGER},
      </if>
      <if test="record.bblockup != null">
        bBlockUp = #{record.bblockup,jdbcType=BIT},
      </if>
      <if test="record.warehousetype != null">
        WarehouseType = #{record.warehousetype,jdbcType=INTEGER},
      </if>
      <if test="record.interfacetype != null">
        InterfaceType = #{record.interfacetype,jdbcType=VARCHAR},
      </if>
      <if test="record.country != null">
        Country = #{record.country,jdbcType=VARCHAR},
      </if>
      <if test="record.province != null">
        Province = #{record.province,jdbcType=VARCHAR},
      </if>
      <if test="record.city != null">
        City = #{record.city,jdbcType=VARCHAR},
      </if>
      <if test="record.town != null">
        Town = #{record.town,jdbcType=VARCHAR},
      </if>
      <if test="record.adr != null">
        Adr = #{record.adr,jdbcType=VARCHAR},
      </if>
      <if test="record.tel != null">
        Tel = #{record.tel,jdbcType=VARCHAR},
      </if>
      <if test="record.linkman != null">
        LinkMan = #{record.linkman,jdbcType=VARCHAR},
      </if>
      <if test="record.zip != null">
        Zip = #{record.zip,jdbcType=VARCHAR},
      </if>
      <if test="record.bnegativestock != null">
        bNegativeStock = #{record.bnegativestock,jdbcType=TINYINT},
      </if>
      <if test="record.bautoaddgoods != null">
        bAutoAddGoods = #{record.bautoaddgoods,jdbcType=TINYINT},
      </if>
    </set>
    <if test="_parameter != null">
      <include refid="Update_By_Example_Where_Clause" />
    </if>
  </update>
  <update id="updateByExample" parameterType="map">
    update g_cfg_warehouselist
    set WarehouseID = #{record.warehouseid,jdbcType=INTEGER},
      WarehouseName = #{record.warehousename,jdbcType=VARCHAR},
      OrderPos = #{record.orderpos,jdbcType=INTEGER},
      bBlockUp = #{record.bblockup,jdbcType=BIT},
      WarehouseType = #{record.warehousetype,jdbcType=INTEGER},
      InterfaceType = #{record.interfacetype,jdbcType=VARCHAR},
      Country = #{record.country,jdbcType=VARCHAR},
      Province = #{record.province,jdbcType=VARCHAR},
      City = #{record.city,jdbcType=VARCHAR},
      Town = #{record.town,jdbcType=VARCHAR},
      Adr = #{record.adr,jdbcType=VARCHAR},
      Tel = #{record.tel,jdbcType=VARCHAR},
      LinkMan = #{record.linkman,jdbcType=VARCHAR},
      Zip = #{record.zip,jdbcType=VARCHAR},
      bNegativeStock = #{record.bnegativestock,jdbcType=TINYINT},
      bAutoAddGoods = #{record.bautoaddgoods,jdbcType=TINYINT}
    <if test="_parameter != null">
      <include refid="Update_By_Example_Where_Clause" />
    </if>
  </update>
  <update id="updateByPrimaryKeySelective" parameterType="com.taotao.pojo.GCfgWarehouselist">
    update g_cfg_warehouselist
    <set>
      <if test="warehousename != null">
        WarehouseName = #{warehousename,jdbcType=VARCHAR},
      </if>
      <if test="orderpos != null">
        OrderPos = #{orderpos,jdbcType=INTEGER},
      </if>
      <if test="bblockup != null">
        bBlockUp = #{bblockup,jdbcType=BIT},
      </if>
      <if test="warehousetype != null">
        WarehouseType = #{warehousetype,jdbcType=INTEGER},
      </if>
      <if test="interfacetype != null">
        InterfaceType = #{interfacetype,jdbcType=VARCHAR},
      </if>
      <if test="country != null">
        Country = #{country,jdbcType=VARCHAR},
      </if>
      <if test="province != null">
        Province = #{province,jdbcType=VARCHAR},
      </if>
      <if test="city != null">
        City = #{city,jdbcType=VARCHAR},
      </if>
      <if test="town != null">
        Town = #{town,jdbcType=VARCHAR},
      </if>
      <if test="adr != null">
        Adr = #{adr,jdbcType=VARCHAR},
      </if>
      <if test="tel != null">
        Tel = #{tel,jdbcType=VARCHAR},
      </if>
      <if test="linkman != null">
        LinkMan = #{linkman,jdbcType=VARCHAR},
      </if>
      <if test="zip != null">
        Zip = #{zip,jdbcType=VARCHAR},
      </if>
      <if test="bnegativestock != null">
        bNegativeStock = #{bnegativestock,jdbcType=TINYINT},
      </if>
      <if test="bautoaddgoods != null">
        bAutoAddGoods = #{bautoaddgoods,jdbcType=TINYINT},
      </if>
    </set>
    where WarehouseID = #{warehouseid,jdbcType=INTEGER}
  </update>
  <update id="updateByPrimaryKey" parameterType="com.taotao.pojo.GCfgWarehouselist">
    update g_cfg_warehouselist
    set WarehouseName = #{warehousename,jdbcType=VARCHAR},
      OrderPos = #{orderpos,jdbcType=INTEGER},
      bBlockUp = #{bblockup,jdbcType=BIT},
      WarehouseType = #{warehousetype,jdbcType=INTEGER},
      InterfaceType = #{interfacetype,jdbcType=VARCHAR},
      Country = #{country,jdbcType=VARCHAR},
      Province = #{province,jdbcType=VARCHAR},
      City = #{city,jdbcType=VARCHAR},
      Town = #{town,jdbcType=VARCHAR},
      Adr = #{adr,jdbcType=VARCHAR},
      Tel = #{tel,jdbcType=VARCHAR},
      LinkMan = #{linkman,jdbcType=VARCHAR},
      Zip = #{zip,jdbcType=VARCHAR},
      bNegativeStock = #{bnegativestock,jdbcType=TINYINT},
      bAutoAddGoods = #{bautoaddgoods,jdbcType=TINYINT}
    where WarehouseID = #{warehouseid,jdbcType=INTEGER}
  </update>
</mapper>