<?xml version="1.0" encoding="UTF-8" ?>
<!DOCTYPE mapper PUBLIC "-//mybatis.org//DTD Mapper 3.0//EN" "http://mybatis.org/dtd/mybatis-3-mapper.dtd" >
<mapper namespace="com.differ.jackyun.oa.dao.JOaFlowTodoMapper" >
  <resultMap id="BaseResultMap" type="com.differ.jackyun.oa.model.JOaFlowTodo" >
    <id column="id" property="id" jdbcType="INTEGER" />
    <result column="flow_id" property="flowId" jdbcType="BIGINT" />
    <result column="form_id" property="formId" jdbcType="BIGINT" />
    <result column="task_id" property="taskId" jdbcType="VARCHAR" />
    <result column="flow_title" property="flowTitle" jdbcType="VARCHAR" />
    <result column="priority" property="priority" jdbcType="TINYINT" />
    <result column="status" property="status" jdbcType="TINYINT" />
    <result column="flow_status" property="flowStatus" jdbcType="TINYINT" />
    <result column="step_order" property="stepOrder" jdbcType="INTEGER" />
    <result column="this_node_name" property="thisNodeName" jdbcType="VARCHAR" />
    <result column="start_company_id" property="startCompanyId" jdbcType="BIGINT" />
    <result column="start_company_name" property="startCompanyName" jdbcType="VARCHAR" />
    <result column="start_depart_id" property="startDepartId" jdbcType="BIGINT" />
    <result column="start_depart_name" property="startDepartName" jdbcType="VARCHAR" />
    <result column="start_user_id" property="startUserId" jdbcType="BIGINT" />
    <result column="start_user_name" property="startUserName" jdbcType="VARCHAR" />
    <result column="start_date" property="startDate" jdbcType="TIMESTAMP" />
    <result column="send_node_name" property="sendNodeName" jdbcType="VARCHAR" />
    <result column="send_type" property="sendType" jdbcType="TINYINT" />
    <result column="send_depart_id" property="sendDepartId" jdbcType="BIGINT" />
    <result column="send_depart_name" property="sendDepartName" jdbcType="VARCHAR" />
    <result column="send_user_id" property="sendUserId" jdbcType="BIGINT" />
    <result column="send_user_name" property="sendUserName" jdbcType="VARCHAR" />
    <result column="send_date" property="sendDate" jdbcType="TIMESTAMP" />
    <result column="handle_company_id" property="handleCompanyId" jdbcType="BIGINT" />
    <result column="handle_company_name" property="handleCompanyName" jdbcType="VARCHAR" />
    <result column="handle_depart_id" property="handleDepartId" jdbcType="BIGINT" />
    <result column="handle_depart_name" property="handleDepartName" jdbcType="VARCHAR" />
    <result column="handle_user_id" property="handleUserId" jdbcType="BIGINT" />
    <result column="handle_user_name" property="handleUserName" jdbcType="VARCHAR" />
    <result column="handle_status" property="handleStatus" jdbcType="TINYINT" />
    <result column="timeout_status" property="timeoutStatus" jdbcType="TINYINT" />
    <result column="receive_date" property="receiveDate" jdbcType="TIMESTAMP" />
    <result column="finish_time" property="finishTime" jdbcType="VARCHAR" />
    <result column="gmt_create" property="gmtCreate" jdbcType="TIMESTAMP" />
    <result column="gmt_modified" property="gmtModified" jdbcType="TIMESTAMP" />
  </resultMap>
  <sql id="Example_Where_Clause" >
    <where >
      <foreach collection="oredCriteria" item="criteria" separator="or" >
        <if test="criteria.valid" >
          <trim prefix="(" suffix=")" prefixOverrides="and" >
            <foreach collection="criteria.criteria" item="criterion" >
              <choose >
                <when test="criterion.noValue" >
                  and ${criterion.condition}
                </when>
                <when test="criterion.singleValue" >
                  and ${criterion.condition} #{criterion.value}
                </when>
                <when test="criterion.betweenValue" >
                  and ${criterion.condition} #{criterion.value} and #{criterion.secondValue}
                </when>
                <when test="criterion.listValue" >
                  and ${criterion.condition}
                  <foreach collection="criterion.value" item="listItem" open="(" close=")" separator="," >
                    #{listItem}
                  </foreach>
                </when>
              </choose>
            </foreach>
          </trim>
        </if>
      </foreach>
    </where>
  </sql>
  <sql id="Update_By_Example_Where_Clause" >
    <where >
      <foreach collection="example.oredCriteria" item="criteria" separator="or" >
        <if test="criteria.valid" >
          <trim prefix="(" suffix=")" prefixOverrides="and" >
            <foreach collection="criteria.criteria" item="criterion" >
              <choose >
                <when test="criterion.noValue" >
                  and ${criterion.condition}
                </when>
                <when test="criterion.singleValue" >
                  and ${criterion.condition} #{criterion.value}
                </when>
                <when test="criterion.betweenValue" >
                  and ${criterion.condition} #{criterion.value} and #{criterion.secondValue}
                </when>
                <when test="criterion.listValue" >
                  and ${criterion.condition}
                  <foreach collection="criterion.value" item="listItem" open="(" close=")" separator="," >
                    #{listItem}
                  </foreach>
                </when>
              </choose>
            </foreach>
          </trim>
        </if>
      </foreach>
    </where>
  </sql>
  <sql id="Base_Column_List" >
    id, flow_id, form_id, task_id, flow_title, priority, status, flow_status, step_order, 
    this_node_name, start_company_id, start_company_name, start_depart_id, start_depart_name, 
    start_user_id, start_user_name, start_date, send_node_name, send_type, send_depart_id, 
    send_depart_name, send_user_id, send_user_name, send_date, handle_company_id, handle_company_name, 
    handle_depart_id, handle_depart_name, handle_user_id, handle_user_name, handle_status, 
    timeout_status, receive_date, finish_time, gmt_create, gmt_modified
  </sql>
  <select id="selectByExample" resultMap="BaseResultMap" parameterType="com.differ.jackyun.oa.model.JOaFlowTodoExample" >
    select
    <if test="distinct" >
      distinct
    </if>
    <include refid="Base_Column_List" />
    from j_oa_flow_todo
    <if test="_parameter != null" >
      <include refid="Example_Where_Clause" />
    </if>
    <if test="orderByClause != null" >
      order by ${orderByClause}
    </if>
  </select>
  <select id="selectByPrimaryKey" resultMap="BaseResultMap" parameterType="java.lang.Integer" >
    select 
    <include refid="Base_Column_List" />
    from j_oa_flow_todo
    where id = #{id,jdbcType=INTEGER}
  </select>
  <delete id="deleteByPrimaryKey" parameterType="java.lang.Integer" >
    delete from j_oa_flow_todo
    where id = #{id,jdbcType=INTEGER}
  </delete>
  <delete id="deleteByExample" parameterType="com.differ.jackyun.oa.model.JOaFlowTodoExample" >
    delete from j_oa_flow_todo
    <if test="_parameter != null" >
      <include refid="Example_Where_Clause" />
    </if>
  </delete>
  <insert id="insert" parameterType="com.differ.jackyun.oa.model.JOaFlowTodo" >
    insert into j_oa_flow_todo (id, flow_id, form_id, 
      task_id, flow_title, priority, 
      status, flow_status, step_order, 
      this_node_name, start_company_id, start_company_name, 
      start_depart_id, start_depart_name, start_user_id, 
      start_user_name, start_date, send_node_name, 
      send_type, send_depart_id, send_depart_name, 
      send_user_id, send_user_name, send_date, 
      handle_company_id, handle_company_name, handle_depart_id, 
      handle_depart_name, handle_user_id, handle_user_name, 
      handle_status, timeout_status, receive_date, 
      finish_time, gmt_create, gmt_modified
      )
    values (#{id,jdbcType=INTEGER}, #{flowId,jdbcType=BIGINT}, #{formId,jdbcType=BIGINT}, 
      #{taskId,jdbcType=VARCHAR}, #{flowTitle,jdbcType=VARCHAR}, #{priority,jdbcType=TINYINT}, 
      #{status,jdbcType=TINYINT}, #{flowStatus,jdbcType=TINYINT}, #{stepOrder,jdbcType=INTEGER}, 
      #{thisNodeName,jdbcType=VARCHAR}, #{startCompanyId,jdbcType=BIGINT}, #{startCompanyName,jdbcType=VARCHAR}, 
      #{startDepartId,jdbcType=BIGINT}, #{startDepartName,jdbcType=VARCHAR}, #{startUserId,jdbcType=BIGINT}, 
      #{startUserName,jdbcType=VARCHAR}, #{startDate,jdbcType=TIMESTAMP}, #{sendNodeName,jdbcType=VARCHAR}, 
      #{sendType,jdbcType=TINYINT}, #{sendDepartId,jdbcType=BIGINT}, #{sendDepartName,jdbcType=VARCHAR}, 
      #{sendUserId,jdbcType=BIGINT}, #{sendUserName,jdbcType=VARCHAR}, #{sendDate,jdbcType=TIMESTAMP}, 
      #{handleCompanyId,jdbcType=BIGINT}, #{handleCompanyName,jdbcType=VARCHAR}, #{handleDepartId,jdbcType=BIGINT}, 
      #{handleDepartName,jdbcType=VARCHAR}, #{handleUserId,jdbcType=BIGINT}, #{handleUserName,jdbcType=VARCHAR}, 
      #{handleStatus,jdbcType=TINYINT}, #{timeoutStatus,jdbcType=TINYINT}, #{receiveDate,jdbcType=TIMESTAMP}, 
      #{finishTime,jdbcType=VARCHAR}, #{gmtCreate,jdbcType=TIMESTAMP}, #{gmtModified,jdbcType=TIMESTAMP}
      )
  </insert>
  <insert id="insertSelective" parameterType="com.differ.jackyun.oa.model.JOaFlowTodo" >
    insert into j_oa_flow_todo
    <trim prefix="(" suffix=")" suffixOverrides="," >
      <if test="id != null" >
        id,
      </if>
      <if test="flowId != null" >
        flow_id,
      </if>
      <if test="formId != null" >
        form_id,
      </if>
      <if test="taskId != null" >
        task_id,
      </if>
      <if test="flowTitle != null" >
        flow_title,
      </if>
      <if test="priority != null" >
        priority,
      </if>
      <if test="status != null" >
        status,
      </if>
      <if test="flowStatus != null" >
        flow_status,
      </if>
      <if test="stepOrder != null" >
        step_order,
      </if>
      <if test="thisNodeName != null" >
        this_node_name,
      </if>
      <if test="startCompanyId != null" >
        start_company_id,
      </if>
      <if test="startCompanyName != null" >
        start_company_name,
      </if>
      <if test="startDepartId != null" >
        start_depart_id,
      </if>
      <if test="startDepartName != null" >
        start_depart_name,
      </if>
      <if test="startUserId != null" >
        start_user_id,
      </if>
      <if test="startUserName != null" >
        start_user_name,
      </if>
      <if test="startDate != null" >
        start_date,
      </if>
      <if test="sendNodeName != null" >
        send_node_name,
      </if>
      <if test="sendType != null" >
        send_type,
      </if>
      <if test="sendDepartId != null" >
        send_depart_id,
      </if>
      <if test="sendDepartName != null" >
        send_depart_name,
      </if>
      <if test="sendUserId != null" >
        send_user_id,
      </if>
      <if test="sendUserName != null" >
        send_user_name,
      </if>
      <if test="sendDate != null" >
        send_date,
      </if>
      <if test="handleCompanyId != null" >
        handle_company_id,
      </if>
      <if test="handleCompanyName != null" >
        handle_company_name,
      </if>
      <if test="handleDepartId != null" >
        handle_depart_id,
      </if>
      <if test="handleDepartName != null" >
        handle_depart_name,
      </if>
      <if test="handleUserId != null" >
        handle_user_id,
      </if>
      <if test="handleUserName != null" >
        handle_user_name,
      </if>
      <if test="handleStatus != null" >
        handle_status,
      </if>
      <if test="timeoutStatus != null" >
        timeout_status,
      </if>
      <if test="receiveDate != null" >
        receive_date,
      </if>
      <if test="finishTime != null" >
        finish_time,
      </if>
      <if test="gmtCreate != null" >
        gmt_create,
      </if>
      <if test="gmtModified != null" >
        gmt_modified,
      </if>
    </trim>
    <trim prefix="values (" suffix=")" suffixOverrides="," >
      <if test="id != null" >
        #{id,jdbcType=INTEGER},
      </if>
      <if test="flowId != null" >
        #{flowId,jdbcType=BIGINT},
      </if>
      <if test="formId != null" >
        #{formId,jdbcType=BIGINT},
      </if>
      <if test="taskId != null" >
        #{taskId,jdbcType=VARCHAR},
      </if>
      <if test="flowTitle != null" >
        #{flowTitle,jdbcType=VARCHAR},
      </if>
      <if test="priority != null" >
        #{priority,jdbcType=TINYINT},
      </if>
      <if test="status != null" >
        #{status,jdbcType=TINYINT},
      </if>
      <if test="flowStatus != null" >
        #{flowStatus,jdbcType=TINYINT},
      </if>
      <if test="stepOrder != null" >
        #{stepOrder,jdbcType=INTEGER},
      </if>
      <if test="thisNodeName != null" >
        #{thisNodeName,jdbcType=VARCHAR},
      </if>
      <if test="startCompanyId != null" >
        #{startCompanyId,jdbcType=BIGINT},
      </if>
      <if test="startCompanyName != null" >
        #{startCompanyName,jdbcType=VARCHAR},
      </if>
      <if test="startDepartId != null" >
        #{startDepartId,jdbcType=BIGINT},
      </if>
      <if test="startDepartName != null" >
        #{startDepartName,jdbcType=VARCHAR},
      </if>
      <if test="startUserId != null" >
        #{startUserId,jdbcType=BIGINT},
      </if>
      <if test="startUserName != null" >
        #{startUserName,jdbcType=VARCHAR},
      </if>
      <if test="startDate != null" >
        #{startDate,jdbcType=TIMESTAMP},
      </if>
      <if test="sendNodeName != null" >
        #{sendNodeName,jdbcType=VARCHAR},
      </if>
      <if test="sendType != null" >
        #{sendType,jdbcType=TINYINT},
      </if>
      <if test="sendDepartId != null" >
        #{sendDepartId,jdbcType=BIGINT},
      </if>
      <if test="sendDepartName != null" >
        #{sendDepartName,jdbcType=VARCHAR},
      </if>
      <if test="sendUserId != null" >
        #{sendUserId,jdbcType=BIGINT},
      </if>
      <if test="sendUserName != null" >
        #{sendUserName,jdbcType=VARCHAR},
      </if>
      <if test="sendDate != null" >
        #{sendDate,jdbcType=TIMESTAMP},
      </if>
      <if test="handleCompanyId != null" >
        #{handleCompanyId,jdbcType=BIGINT},
      </if>
      <if test="handleCompanyName != null" >
        #{handleCompanyName,jdbcType=VARCHAR},
      </if>
      <if test="handleDepartId != null" >
        #{handleDepartId,jdbcType=BIGINT},
      </if>
      <if test="handleDepartName != null" >
        #{handleDepartName,jdbcType=VARCHAR},
      </if>
      <if test="handleUserId != null" >
        #{handleUserId,jdbcType=BIGINT},
      </if>
      <if test="handleUserName != null" >
        #{handleUserName,jdbcType=VARCHAR},
      </if>
      <if test="handleStatus != null" >
        #{handleStatus,jdbcType=TINYINT},
      </if>
      <if test="timeoutStatus != null" >
        #{timeoutStatus,jdbcType=TINYINT},
      </if>
      <if test="receiveDate != null" >
        #{receiveDate,jdbcType=TIMESTAMP},
      </if>
      <if test="finishTime != null" >
        #{finishTime,jdbcType=VARCHAR},
      </if>
      <if test="gmtCreate != null" >
        #{gmtCreate,jdbcType=TIMESTAMP},
      </if>
      <if test="gmtModified != null" >
        #{gmtModified,jdbcType=TIMESTAMP},
      </if>
    </trim>
  </insert>
  <select id="countByExample" parameterType="com.differ.jackyun.oa.model.JOaFlowTodoExample" resultType="java.lang.Integer" >
    select count(*) from j_oa_flow_todo
    <if test="_parameter != null" >
      <include refid="Example_Where_Clause" />
    </if>
  </select>
  <update id="updateByExampleSelective" parameterType="map" >
    update j_oa_flow_todo
    <set >
      <if test="record.id != null" >
        id = #{record.id,jdbcType=INTEGER},
      </if>
      <if test="record.flowId != null" >
        flow_id = #{record.flowId,jdbcType=BIGINT},
      </if>
      <if test="record.formId != null" >
        form_id = #{record.formId,jdbcType=BIGINT},
      </if>
      <if test="record.taskId != null" >
        task_id = #{record.taskId,jdbcType=VARCHAR},
      </if>
      <if test="record.flowTitle != null" >
        flow_title = #{record.flowTitle,jdbcType=VARCHAR},
      </if>
      <if test="record.priority != null" >
        priority = #{record.priority,jdbcType=TINYINT},
      </if>
      <if test="record.status != null" >
        status = #{record.status,jdbcType=TINYINT},
      </if>
      <if test="record.flowStatus != null" >
        flow_status = #{record.flowStatus,jdbcType=TINYINT},
      </if>
      <if test="record.stepOrder != null" >
        step_order = #{record.stepOrder,jdbcType=INTEGER},
      </if>
      <if test="record.thisNodeName != null" >
        this_node_name = #{record.thisNodeName,jdbcType=VARCHAR},
      </if>
      <if test="record.startCompanyId != null" >
        start_company_id = #{record.startCompanyId,jdbcType=BIGINT},
      </if>
      <if test="record.startCompanyName != null" >
        start_company_name = #{record.startCompanyName,jdbcType=VARCHAR},
      </if>
      <if test="record.startDepartId != null" >
        start_depart_id = #{record.startDepartId,jdbcType=BIGINT},
      </if>
      <if test="record.startDepartName != null" >
        start_depart_name = #{record.startDepartName,jdbcType=VARCHAR},
      </if>
      <if test="record.startUserId != null" >
        start_user_id = #{record.startUserId,jdbcType=BIGINT},
      </if>
      <if test="record.startUserName != null" >
        start_user_name = #{record.startUserName,jdbcType=VARCHAR},
      </if>
      <if test="record.startDate != null" >
        start_date = #{record.startDate,jdbcType=TIMESTAMP},
      </if>
      <if test="record.sendNodeName != null" >
        send_node_name = #{record.sendNodeName,jdbcType=VARCHAR},
      </if>
      <if test="record.sendType != null" >
        send_type = #{record.sendType,jdbcType=TINYINT},
      </if>
      <if test="record.sendDepartId != null" >
        send_depart_id = #{record.sendDepartId,jdbcType=BIGINT},
      </if>
      <if test="record.sendDepartName != null" >
        send_depart_name = #{record.sendDepartName,jdbcType=VARCHAR},
      </if>
      <if test="record.sendUserId != null" >
        send_user_id = #{record.sendUserId,jdbcType=BIGINT},
      </if>
      <if test="record.sendUserName != null" >
        send_user_name = #{record.sendUserName,jdbcType=VARCHAR},
      </if>
      <if test="record.sendDate != null" >
        send_date = #{record.sendDate,jdbcType=TIMESTAMP},
      </if>
      <if test="record.handleCompanyId != null" >
        handle_company_id = #{record.handleCompanyId,jdbcType=BIGINT},
      </if>
      <if test="record.handleCompanyName != null" >
        handle_company_name = #{record.handleCompanyName,jdbcType=VARCHAR},
      </if>
      <if test="record.handleDepartId != null" >
        handle_depart_id = #{record.handleDepartId,jdbcType=BIGINT},
      </if>
      <if test="record.handleDepartName != null" >
        handle_depart_name = #{record.handleDepartName,jdbcType=VARCHAR},
      </if>
      <if test="record.handleUserId != null" >
        handle_user_id = #{record.handleUserId,jdbcType=BIGINT},
      </if>
      <if test="record.handleUserName != null" >
        handle_user_name = #{record.handleUserName,jdbcType=VARCHAR},
      </if>
      <if test="record.handleStatus != null" >
        handle_status = #{record.handleStatus,jdbcType=TINYINT},
      </if>
      <if test="record.timeoutStatus != null" >
        timeout_status = #{record.timeoutStatus,jdbcType=TINYINT},
      </if>
      <if test="record.receiveDate != null" >
        receive_date = #{record.receiveDate,jdbcType=TIMESTAMP},
      </if>
      <if test="record.finishTime != null" >
        finish_time = #{record.finishTime,jdbcType=VARCHAR},
      </if>
      <if test="record.gmtCreate != null" >
        gmt_create = #{record.gmtCreate,jdbcType=TIMESTAMP},
      </if>
      <if test="record.gmtModified != null" >
        gmt_modified = #{record.gmtModified,jdbcType=TIMESTAMP},
      </if>
    </set>
    <if test="_parameter != null" >
      <include refid="Update_By_Example_Where_Clause" />
    </if>
  </update>
  <update id="updateByExample" parameterType="map" >
    update j_oa_flow_todo
    set id = #{record.id,jdbcType=INTEGER},
      flow_id = #{record.flowId,jdbcType=BIGINT},
      form_id = #{record.formId,jdbcType=BIGINT},
      task_id = #{record.taskId,jdbcType=VARCHAR},
      flow_title = #{record.flowTitle,jdbcType=VARCHAR},
      priority = #{record.priority,jdbcType=TINYINT},
      status = #{record.status,jdbcType=TINYINT},
      flow_status = #{record.flowStatus,jdbcType=TINYINT},
      step_order = #{record.stepOrder,jdbcType=INTEGER},
      this_node_name = #{record.thisNodeName,jdbcType=VARCHAR},
      start_company_id = #{record.startCompanyId,jdbcType=BIGINT},
      start_company_name = #{record.startCompanyName,jdbcType=VARCHAR},
      start_depart_id = #{record.startDepartId,jdbcType=BIGINT},
      start_depart_name = #{record.startDepartName,jdbcType=VARCHAR},
      start_user_id = #{record.startUserId,jdbcType=BIGINT},
      start_user_name = #{record.startUserName,jdbcType=VARCHAR},
      start_date = #{record.startDate,jdbcType=TIMESTAMP},
      send_node_name = #{record.sendNodeName,jdbcType=VARCHAR},
      send_type = #{record.sendType,jdbcType=TINYINT},
      send_depart_id = #{record.sendDepartId,jdbcType=BIGINT},
      send_depart_name = #{record.sendDepartName,jdbcType=VARCHAR},
      send_user_id = #{record.sendUserId,jdbcType=BIGINT},
      send_user_name = #{record.sendUserName,jdbcType=VARCHAR},
      send_date = #{record.sendDate,jdbcType=TIMESTAMP},
      handle_company_id = #{record.handleCompanyId,jdbcType=BIGINT},
      handle_company_name = #{record.handleCompanyName,jdbcType=VARCHAR},
      handle_depart_id = #{record.handleDepartId,jdbcType=BIGINT},
      handle_depart_name = #{record.handleDepartName,jdbcType=VARCHAR},
      handle_user_id = #{record.handleUserId,jdbcType=BIGINT},
      handle_user_name = #{record.handleUserName,jdbcType=VARCHAR},
      handle_status = #{record.handleStatus,jdbcType=TINYINT},
      timeout_status = #{record.timeoutStatus,jdbcType=TINYINT},
      receive_date = #{record.receiveDate,jdbcType=TIMESTAMP},
      finish_time = #{record.finishTime,jdbcType=VARCHAR},
      gmt_create = #{record.gmtCreate,jdbcType=TIMESTAMP},
      gmt_modified = #{record.gmtModified,jdbcType=TIMESTAMP}
    <if test="_parameter != null" >
      <include refid="Update_By_Example_Where_Clause" />
    </if>
  </update>
  <update id="updateByPrimaryKeySelective" parameterType="com.differ.jackyun.oa.model.JOaFlowTodo" >
    update j_oa_flow_todo
    <set >
      <if test="flowId != null" >
        flow_id = #{flowId,jdbcType=BIGINT},
      </if>
      <if test="formId != null" >
        form_id = #{formId,jdbcType=BIGINT},
      </if>
      <if test="taskId != null" >
        task_id = #{taskId,jdbcType=VARCHAR},
      </if>
      <if test="flowTitle != null" >
        flow_title = #{flowTitle,jdbcType=VARCHAR},
      </if>
      <if test="priority != null" >
        priority = #{priority,jdbcType=TINYINT},
      </if>
      <if test="status != null" >
        status = #{status,jdbcType=TINYINT},
      </if>
      <if test="flowStatus != null" >
        flow_status = #{flowStatus,jdbcType=TINYINT},
      </if>
      <if test="stepOrder != null" >
        step_order = #{stepOrder,jdbcType=INTEGER},
      </if>
      <if test="thisNodeName != null" >
        this_node_name = #{thisNodeName,jdbcType=VARCHAR},
      </if>
      <if test="startCompanyId != null" >
        start_company_id = #{startCompanyId,jdbcType=BIGINT},
      </if>
      <if test="startCompanyName != null" >
        start_company_name = #{startCompanyName,jdbcType=VARCHAR},
      </if>
      <if test="startDepartId != null" >
        start_depart_id = #{startDepartId,jdbcType=BIGINT},
      </if>
      <if test="startDepartName != null" >
        start_depart_name = #{startDepartName,jdbcType=VARCHAR},
      </if>
      <if test="startUserId != null" >
        start_user_id = #{startUserId,jdbcType=BIGINT},
      </if>
      <if test="startUserName != null" >
        start_user_name = #{startUserName,jdbcType=VARCHAR},
      </if>
      <if test="startDate != null" >
        start_date = #{startDate,jdbcType=TIMESTAMP},
      </if>
      <if test="sendNodeName != null" >
        send_node_name = #{sendNodeName,jdbcType=VARCHAR},
      </if>
      <if test="sendType != null" >
        send_type = #{sendType,jdbcType=TINYINT},
      </if>
      <if test="sendDepartId != null" >
        send_depart_id = #{sendDepartId,jdbcType=BIGINT},
      </if>
      <if test="sendDepartName != null" >
        send_depart_name = #{sendDepartName,jdbcType=VARCHAR},
      </if>
      <if test="sendUserId != null" >
        send_user_id = #{sendUserId,jdbcType=BIGINT},
      </if>
      <if test="sendUserName != null" >
        send_user_name = #{sendUserName,jdbcType=VARCHAR},
      </if>
      <if test="sendDate != null" >
        send_date = #{sendDate,jdbcType=TIMESTAMP},
      </if>
      <if test="handleCompanyId != null" >
        handle_company_id = #{handleCompanyId,jdbcType=BIGINT},
      </if>
      <if test="handleCompanyName != null" >
        handle_company_name = #{handleCompanyName,jdbcType=VARCHAR},
      </if>
      <if test="handleDepartId != null" >
        handle_depart_id = #{handleDepartId,jdbcType=BIGINT},
      </if>
      <if test="handleDepartName != null" >
        handle_depart_name = #{handleDepartName,jdbcType=VARCHAR},
      </if>
      <if test="handleUserId != null" >
        handle_user_id = #{handleUserId,jdbcType=BIGINT},
      </if>
      <if test="handleUserName != null" >
        handle_user_name = #{handleUserName,jdbcType=VARCHAR},
      </if>
      <if test="handleStatus != null" >
        handle_status = #{handleStatus,jdbcType=TINYINT},
      </if>
      <if test="timeoutStatus != null" >
        timeout_status = #{timeoutStatus,jdbcType=TINYINT},
      </if>
      <if test="receiveDate != null" >
        receive_date = #{receiveDate,jdbcType=TIMESTAMP},
      </if>
      <if test="finishTime != null" >
        finish_time = #{finishTime,jdbcType=VARCHAR},
      </if>
      <if test="gmtCreate != null" >
        gmt_create = #{gmtCreate,jdbcType=TIMESTAMP},
      </if>
      <if test="gmtModified != null" >
        gmt_modified = #{gmtModified,jdbcType=TIMESTAMP},
      </if>
    </set>
    where id = #{id,jdbcType=INTEGER}
  </update>
  <update id="updateByPrimaryKey" parameterType="com.differ.jackyun.oa.model.JOaFlowTodo" >
    update j_oa_flow_todo
    set flow_id = #{flowId,jdbcType=BIGINT},
      form_id = #{formId,jdbcType=BIGINT},
      task_id = #{taskId,jdbcType=VARCHAR},
      flow_title = #{flowTitle,jdbcType=VARCHAR},
      priority = #{priority,jdbcType=TINYINT},
      status = #{status,jdbcType=TINYINT},
      flow_status = #{flowStatus,jdbcType=TINYINT},
      step_order = #{stepOrder,jdbcType=INTEGER},
      this_node_name = #{thisNodeName,jdbcType=VARCHAR},
      start_company_id = #{startCompanyId,jdbcType=BIGINT},
      start_company_name = #{startCompanyName,jdbcType=VARCHAR},
      start_depart_id = #{startDepartId,jdbcType=BIGINT},
      start_depart_name = #{startDepartName,jdbcType=VARCHAR},
      start_user_id = #{startUserId,jdbcType=BIGINT},
      start_user_name = #{startUserName,jdbcType=VARCHAR},
      start_date = #{startDate,jdbcType=TIMESTAMP},
      send_node_name = #{sendNodeName,jdbcType=VARCHAR},
      send_type = #{sendType,jdbcType=TINYINT},
      send_depart_id = #{sendDepartId,jdbcType=BIGINT},
      send_depart_name = #{sendDepartName,jdbcType=VARCHAR},
      send_user_id = #{sendUserId,jdbcType=BIGINT},
      send_user_name = #{sendUserName,jdbcType=VARCHAR},
      send_date = #{sendDate,jdbcType=TIMESTAMP},
      handle_company_id = #{handleCompanyId,jdbcType=BIGINT},
      handle_company_name = #{handleCompanyName,jdbcType=VARCHAR},
      handle_depart_id = #{handleDepartId,jdbcType=BIGINT},
      handle_depart_name = #{handleDepartName,jdbcType=VARCHAR},
      handle_user_id = #{handleUserId,jdbcType=BIGINT},
      handle_user_name = #{handleUserName,jdbcType=VARCHAR},
      handle_status = #{handleStatus,jdbcType=TINYINT},
      timeout_status = #{timeoutStatus,jdbcType=TINYINT},
      receive_date = #{receiveDate,jdbcType=TIMESTAMP},
      finish_time = #{finishTime,jdbcType=VARCHAR},
      gmt_create = #{gmtCreate,jdbcType=TIMESTAMP},
      gmt_modified = #{gmtModified,jdbcType=TIMESTAMP}
    where id = #{id,jdbcType=INTEGER}
  </update>
</mapper>