<?xml version="1.0" encoding="UTF-8" ?>
<!DOCTYPE mapper PUBLIC "-//mybatis.org//DTD Mapper 3.0//EN" "http://mybatis.org/dtd/mybatis-3-mapper.dtd" >
<mapper namespace="com.cq.dao.DepartPositionDao" >
  <resultMap id="BaseResultMap" type="com.cq.model.DepartPosition" >
    <id column="id" property="id" jdbcType="INTEGER" />
    <result column="position_id" property="positionId" jdbcType="INTEGER" />
    <result column="depart_id" property="departId" jdbcType="BIGINT" />
    <result column="depart_name" property="departName" jdbcType="VARCHAR" />
    <result column="position_name" property="positionName" jdbcType="VARCHAR" />
  </resultMap>
  
  <sql id="Base_Column_List" >
    id, position_id, depart_id, depart_name, position_name
  </sql>
  
  <select id="selectAllPosition" resultMap="BaseResultMap">
    select DISTINCT position_id, position_name
    from j_depart_position
  </select>
  
  <select id="selectPositionByPositionId" parameterType="java.lang.Integer" resultType = "java.lang.String">
    select distinct position_name
    from j_depart_position where position_id = #{positionId,jdbcType=INTEGER}
  </select>
   
</mapper>