<?xml version="1.0" encoding="UTF-8" ?>
<!DOCTYPE mapper PUBLIC "-//mybatis.org//DTD Mapper 3.0//EN" "http://mybatis.org/dtd/mybatis-3-mapper.dtd" >
<mapper namespace="com.cq.dao.FlowNodeDao" >
  <resultMap id="BaseResultMap" type="com.cq.dto.FlowNodeDTO" >
    <id column="id" property="id" jdbcType="INTEGER" />
    <result column="serial_num" property="serialNum" jdbcType="INTEGER" />
    <result column="node_id" property="nodeId" jdbcType="BIGINT" />
    <result column="flow_id" property="flowId" jdbcType="BIGINT" />
    <result column="node_name" property="nodeName" jdbcType="VARCHAR" />
    <result column="category" property="category" jdbcType="INTEGER" />
    <result column="participant" property="participant" jdbcType="INTEGER" />
  </resultMap>
  
  <resultMap id="StepNameMap" type="com.cq.dto.FlowNodeStepNameDTO" >
    <result column="node_id" property="nodeId" jdbcType="BIGINT" />
    <result column="node_name" property="nodeName" jdbcType="VARCHAR" />
  </resultMap>
  
  <sql id="Base_Column_List" >
    id, node_id, serial_num, flow_id, node_name, category, is_approve, participant, gmt_create, gmt_modified
  </sql>
  
  <select id="selectStepName" parameterType="map" resultMap="StepNameMap">
    select node_id, node_name
    from j_oa_flow_node
    where category = #{category,jdbcType=INTEGER}
    and flow_id = #{flowId,jdbcType=BIGINT}
  </select>
  
  <select id="selectByCategory" parameterType="map" resultMap="BaseResultMap">
    select id, node_id, flow_id, node_name, category,participant
    from j_oa_flow_node
    where category = #{category,jdbcType=INTEGER}
    and flow_id = #{flowId,jdbcType=BIGINT}
  </select>
  
  <select id="selectCountByNodeId" parameterType="java.lang.Long" resultType = "java.lang.Integer">
    SELECT count(*) FROM j_oa_node_condition nc
	LEFT JOIN j_oa_flow_node fn ON nc.node_id = fn.node_id
	WHERE nc.node_id = #{nodeId,jdbcType=INTEGER}
  </select>
  
  <delete id="deleteNodeById" parameterType="java.lang.Long">
    delete from j_oa_flow_node
    where node_id = #{nodeId,jdbcType=INTEGER}
  </delete>
  
  <insert id="saveNode" parameterType="com.cq.model.FlowNode">
    insert into j_oa_flow_node
    <trim prefix="(" suffix=")" suffixOverrides=",">
      <if test="id != null">
        id,
      </if>
      <if test="serialNum != null">
        serial_num,
      </if>
      <if test="nodeId != null">
        node_id,
      </if>
      <if test="flowId != null">
        flow_id,
      </if>
      <if test="nodeName != null">
        node_name,
      </if>
      <if test="category != null">
        category,
      </if>
      <if test="participant != null">
        participant,
      </if>
      <if test="participant != null">
        is_approve,
      </if>
      <if test="gmtCreate != null">
        gmt_create,
      </if>
      <if test="gmtModified != null">
        gmt_modified,
      </if>
    </trim>
    <trim prefix="values (" suffix=")" suffixOverrides=",">
      <if test="id != null">
        #{id,jdbcType=INTEGER},
      </if>
      <if test="serialNum != null">
        #{serialNum,jdbcType=INTEGER},
      </if>
      <if test="nodeId != null">
        #{nodeId,jdbcType=BIGINT},
      </if>
      <if test="flowId != null">
        #{flowId,jdbcType=BIGINT},
      </if>
      <if test="nodeName != null">
        #{nodeName,jdbcType=VARCHAR},
      </if>
      <if test="category != null">
        #{category,jdbcType=INTEGER},
      </if>
      <if test="participant != null">
        #{participant,jdbcType=INTEGER},
      </if>
      <if test="participant != null">
        #{isApprove,jdbcType=INTEGER},
      </if>
      <if test="gmtCreate != null">
        #{gmtCreate,jdbcType=TIMESTAMP},
      </if>
      <if test="gmtModified != null">
        #{gmtModified,jdbcType=TIMESTAMP},
      </if>
    </trim>
  </insert>
  
  <update id="updateNode" parameterType="com.cq.dto.FlowNodeDTO">
    update j_oa_flow_node
    <set>
    <trim suffixOverrides=",">
      <if test="serialNum != null">
        serial_num = #{serialNum,jdbcType=INTEGER},
      </if>
      <if test="nodeId != null">
        node_id = #{nodeId,jdbcType=BIGINT},
      </if>
      <if test="flowId != null">
        flow_id = #{flowId,jdbcType=BIGINT},
      </if>
      <if test="nodeName != null">
        node_name = #{nodeName,jdbcType=VARCHAR},
      </if>
      <if test="category != null">
        category = #{category,jdbcType=INTEGER},
      </if>
      <if test="participant != null">
        participant = #{participant,jdbcType=INTEGER},
      </if>
      <if test="participant != null">
        is_approve = #{isApprove,jdbcType=INTEGER},
      </if>
      <if test="gmtCreate != null">
        gmt_create = #{gmtCreate,jdbcType=TIMESTAMP},
      </if>
      <if test="gmtModified != null">
        gmt_modified = #{gmtModified,jdbcType=TIMESTAMP},
      </if>
      </trim>
    </set>
    where id = #{id,jdbcType=INTEGER}
  </update>
  
  <update id="addNodeToCondition" parameterType="com.cq.dto.FlowNodeDTO">
    update j_oa_flow_node
    <set>
      <if test="nodeId != null">
        serial_num = #{serialNum,jdbcType=INTEGER}
      </if>
    </set>
    where node_id = #{nodeId,jdbcType=BIGINT}
  </update>
   
   <select id="selectNodeInCondition" parameterType="java.lang.Long" resultMap="BaseResultMap">
    select
    id, serial_num, node_id, flow_id, node_name, category, participant
    from j_oa_flow_node
    where flow_id = #{flowId,jdbcType=BIGINT}
    and serial_num is not null
	ORDER BY serial_num
  </select>
  
  <update id="deleteNodeInCondition" parameterType="java.lang.Long">
    update j_oa_flow_node
    set serial_num = null
    where node_id = #{nodeId,jdbcType=BIGINT}
  </update>
  
  <select id="getFlowNodeName" parameterType="java.lang.Long" resultType="java.lang.String">
    select node_name
    from j_oa_flow_node
    where node_id = #{nodeId,jdbcType=BIGINT}
  </select>
  
  <select id="getCategoryByNodeId" parameterType="java.lang.Long" resultType="java.lang.Integer">
    select category
    from j_oa_flow_node
    where node_id = #{nodeId,jdbcType=BIGINT}
  </select>
</mapper>