<?xml version="1.0" encoding="UTF-8" ?>
<!DOCTYPE mapper PUBLIC "-//mybatis.org//DTD Mapper 3.0//EN" "http://mybatis.org/dtd/mybatis-3-mapper.dtd" >
<mapper namespace="com.taotao.mapper.GCfgShoplistMapper" >
  <resultMap id="BaseResultMap" type="com.taotao.pojo.GCfgShoplist" >
    <id column="ShopID" property="shopid" jdbcType="INTEGER" />
    <result column="ShopName" property="shopname" jdbcType="VARCHAR" />
    <result column="ShopType" property="shoptype" jdbcType="VARCHAR" />
    <result column="Website" property="website" jdbcType="VARCHAR" />
    <result column="Linkman" property="linkman" jdbcType="VARCHAR" />
    <result column="Adr" property="adr" jdbcType="VARCHAR" />
    <result column="Zip" property="zip" jdbcType="VARCHAR" />
    <result column="Tel" property="tel" jdbcType="VARCHAR" />
    <result column="Email" property="email" jdbcType="VARCHAR" />
    <result column="QQ" property="qq" jdbcType="VARCHAR" />
    <result column="Remark" property="remark" jdbcType="VARCHAR" />
    <result column="bSndAdr" property="bsndadr" jdbcType="BIT" />
    <result column="Country" property="country" jdbcType="VARCHAR" />
    <result column="Province" property="province" jdbcType="VARCHAR" />
    <result column="City" property="city" jdbcType="VARCHAR" />
    <result column="Town" property="town" jdbcType="VARCHAR" />
    <result column="BillStyle" property="billstyle" jdbcType="VARCHAR" />
    <result column="CostRate" property="costrate" jdbcType="VARCHAR" />
    <result column="OrderPos" property="orderpos" jdbcType="INTEGER" />
    <result column="bBlockUp" property="bblockup" jdbcType="BIT" />
    <result column="LoginUser" property="loginuser" jdbcType="VARCHAR" />
    <result column="LoginPWD" property="loginpwd" jdbcType="VARCHAR" />
    <result column="AppKey" property="appkey" jdbcType="VARCHAR" />
    <result column="AppSecret" property="appsecret" jdbcType="VARCHAR" />
    <result column="bSubAccount" property="bsubaccount" jdbcType="BIT" />
    <result column="ChargeType" property="chargetype" jdbcType="VARCHAR" />
    <result column="AccountID" property="accountid" jdbcType="INTEGER" />
    <result column="uID" property="uid" jdbcType="VARCHAR" />
    <result column="WareHouseID" property="warehouseid" jdbcType="INTEGER" />
    <result column="ContainFX" property="containfx" jdbcType="INTEGER" />
    <result column="Key3" property="key3" jdbcType="VARCHAR" />
    <result column="key4" property="key4" jdbcType="VARCHAR" />
    <result column="SetAPI" property="setapi" jdbcType="BIT" />
    <result column="SellNick" property="sellnick" jdbcType="VARCHAR" />
    <result column="bSysStock" property="bsysstock" jdbcType="BIT" />
    <result column="bSysStockFx" property="bsysstockfx" jdbcType="BIT" />
    <result column="UpdateAge" property="updateage" jdbcType="DECIMAL" />
    <result column="SysWare" property="sysware" jdbcType="INTEGER" />
    <result column="bCHKStatus" property="bchkstatus" jdbcType="TINYINT" />
    <result column="bCHKBuyerRemark" property="bchkbuyerremark" jdbcType="BIT" />
    <result column="SessionKey" property="sessionkey" jdbcType="VARCHAR" />
    <result column="SessionDate" property="sessiondate" jdbcType="TIMESTAMP" />
    <result column="expiredate" property="expiredate" jdbcType="TIMESTAMP" />
    <result column="TBIncTime" property="tbinctime" jdbcType="TIMESTAMP" />
    <result column="bIncGet" property="bincget" jdbcType="BIT" />
    <result column="SysWareHouse" property="syswarehouse" jdbcType="VARCHAR" />
    <result column="SysPercentage" property="syspercentage" jdbcType="INTEGER" />
    <result column="AutoGetTime" property="autogettime" jdbcType="TIMESTAMP" />
    <result column="UserID" property="userid" jdbcType="VARCHAR" />
    <result column="UserIP" property="userip" jdbcType="VARCHAR" />
    <result column="customerID" property="customerid" jdbcType="INTEGER" />
    <result column="DDPrint" property="ddprint" jdbcType="BIT" />
    <result column="bRDSPull" property="brdspull" jdbcType="BIT" />
    <result column="RDSTime" property="rdstime" jdbcType="TIMESTAMP" />
    <result column="AutoGetDiv" property="autogetdiv" jdbcType="INTEGER" />
    <result column="bAutoGet" property="bautoget" jdbcType="BIT" />
    <result column="bGetRefuse" property="bgetrefuse" jdbcType="BIT" />
    <result column="bGetRefuseOrder" property="bgetrefuseorder" jdbcType="BIT" />
    <result column="RefuseIncTime" property="refuseinctime" jdbcType="TIMESTAMP" />
    <result column="jdcustcode" property="jdcustcode" jdbcType="VARCHAR" />
    <result column="bccc" property="bccc" jdbcType="BIT" />
    <result column="rdsChannel" property="rdschannel" jdbcType="INTEGER" />
    <result column="setext" property="setext" jdbcType="VARCHAR" />
    <result column="bWLBCheck" property="bwlbcheck" jdbcType="BIT" />
    <result column="PayPalToken" property="paypaltoken" jdbcType="VARCHAR" />
    <result column="PayPalUser" property="paypaluser" jdbcType="VARCHAR" />
    <result column="PayPalPass" property="paypalpass" jdbcType="VARCHAR" />
    <result column="FrontName" property="frontname" jdbcType="VARCHAR" />
    <result column="MacAdr" property="macadr" jdbcType="VARCHAR" />
    <result column="SiteID" property="siteid" jdbcType="VARCHAR" />
    <result column="CurrencyType" property="currencytype" jdbcType="VARCHAR" />
    <result column="bPostDelay" property="bpostdelay" jdbcType="TINYINT" />
    <result column="PostDelayTime" property="postdelaytime" jdbcType="INTEGER" />
    <result column="bWaitUnPay" property="bwaitunpay" jdbcType="TINYINT" />
    <result column="WaitUnpayTime" property="waitunpaytime" jdbcType="DECIMAL" />
    <result column="bGRM" property="bgrm" jdbcType="TINYINT" />
    <result column="GRMContent" property="grmcontent" jdbcType="VARCHAR" />
    <result column="OrderTimePoint" property="ordertimepoint" jdbcType="VARCHAR" />
  </resultMap>
  <sql id="Example_Where_Clause" >
    <where >
      <foreach collection="oredCriteria" item="criteria" separator="or" >
        <if test="criteria.valid" >
          <trim prefix="(" suffix=")" prefixOverrides="and" >
            <foreach collection="criteria.criteria" item="criterion" >
              <choose >
                <when test="criterion.noValue" >
                  and ${criterion.condition}
                </when>
                <when test="criterion.singleValue" >
                  and ${criterion.condition} #{criterion.value}
                </when>
                <when test="criterion.betweenValue" >
                  and ${criterion.condition} #{criterion.value} and #{criterion.secondValue}
                </when>
                <when test="criterion.listValue" >
                  and ${criterion.condition}
                  <foreach collection="criterion.value" item="listItem" open="(" close=")" separator="," >
                    #{listItem}
                  </foreach>
                </when>
              </choose>
            </foreach>
          </trim>
        </if>
      </foreach>
    </where>
  </sql>
  <sql id="Update_By_Example_Where_Clause" >
    <where >
      <foreach collection="example.oredCriteria" item="criteria" separator="or" >
        <if test="criteria.valid" >
          <trim prefix="(" suffix=")" prefixOverrides="and" >
            <foreach collection="criteria.criteria" item="criterion" >
              <choose >
                <when test="criterion.noValue" >
                  and ${criterion.condition}
                </when>
                <when test="criterion.singleValue" >
                  and ${criterion.condition} #{criterion.value}
                </when>
                <when test="criterion.betweenValue" >
                  and ${criterion.condition} #{criterion.value} and #{criterion.secondValue}
                </when>
                <when test="criterion.listValue" >
                  and ${criterion.condition}
                  <foreach collection="criterion.value" item="listItem" open="(" close=")" separator="," >
                    #{listItem}
                  </foreach>
                </when>
              </choose>
            </foreach>
          </trim>
        </if>
      </foreach>
    </where>
  </sql>
  <sql id="Base_Column_List" >
    ShopID, ShopName, ShopType, Website, Linkman, Adr, Zip, Tel, Email, QQ, Remark, bSndAdr, 
    Country, Province, City, Town, BillStyle, CostRate, OrderPos, bBlockUp, LoginUser, 
    LoginPWD, AppKey, AppSecret, bSubAccount, ChargeType, AccountID, uID, WareHouseID, 
    ContainFX, Key3, key4, SetAPI, SellNick, bSysStock, bSysStockFx, UpdateAge, SysWare, 
    bCHKStatus, bCHKBuyerRemark, SessionKey, SessionDate, expiredate, TBIncTime, bIncGet, 
    SysWareHouse, SysPercentage, AutoGetTime, UserID, UserIP, customerID, DDPrint, bRDSPull, 
    RDSTime, AutoGetDiv, bAutoGet, bGetRefuse, bGetRefuseOrder, RefuseIncTime, jdcustcode, 
    bccc, rdsChannel, setext, bWLBCheck, PayPalToken, PayPalUser, PayPalPass, FrontName, 
    MacAdr, SiteID, CurrencyType, bPostDelay, PostDelayTime, bWaitUnPay, WaitUnpayTime, 
    bGRM, GRMContent, OrderTimePoint
  </sql>
  <select id="selectByExample" resultMap="BaseResultMap" parameterType="com.taotao.pojo.GCfgShoplistExample" >
    select
    <if test="distinct" >
      distinct
    </if>
    <include refid="Base_Column_List" />
    from g_cfg_shoplist
    <if test="_parameter != null" >
      <include refid="Example_Where_Clause" />
    </if>
    <if test="orderByClause != null" >
      order by ${orderByClause}
    </if>
  </select>
  <select id="selectByPrimaryKey" resultMap="BaseResultMap" parameterType="java.lang.Integer" >
    select 
    <include refid="Base_Column_List" />
    from g_cfg_shoplist
    where ShopID = #{shopid,jdbcType=INTEGER}
  </select>
  <delete id="deleteByPrimaryKey" parameterType="java.lang.Integer" >
    delete from g_cfg_shoplist
    where ShopID = #{shopid,jdbcType=INTEGER}
  </delete>
  <delete id="deleteByExample" parameterType="com.taotao.pojo.GCfgShoplistExample" >
    delete from g_cfg_shoplist
    <if test="_parameter != null" >
      <include refid="Example_Where_Clause" />
    </if>
  </delete>
  <insert id="insert" parameterType="com.taotao.pojo.GCfgShoplist" >
    insert into g_cfg_shoplist (ShopID, ShopName, ShopType, 
      Website, Linkman, Adr, 
      Zip, Tel, Email, QQ, 
      Remark, bSndAdr, Country, 
      Province, City, Town, 
      BillStyle, CostRate, OrderPos, 
      bBlockUp, LoginUser, LoginPWD, 
      AppKey, AppSecret, bSubAccount, 
      ChargeType, AccountID, uID, 
      WareHouseID, ContainFX, Key3, 
      key4, SetAPI, SellNick, 
      bSysStock, bSysStockFx, UpdateAge, 
      SysWare, bCHKStatus, bCHKBuyerRemark, 
      SessionKey, SessionDate, expiredate, 
      TBIncTime, bIncGet, SysWareHouse, 
      SysPercentage, AutoGetTime, UserID, 
      UserIP, customerID, DDPrint, 
      bRDSPull, RDSTime, AutoGetDiv, 
      bAutoGet, bGetRefuse, bGetRefuseOrder, 
      RefuseIncTime, jdcustcode, bccc, 
      rdsChannel, setext, bWLBCheck, 
      PayPalToken, PayPalUser, PayPalPass, 
      FrontName, MacAdr, SiteID, 
      CurrencyType, bPostDelay, PostDelayTime, 
      bWaitUnPay, WaitUnpayTime, bGRM, 
      GRMContent, OrderTimePoint)
    values (#{shopid,jdbcType=INTEGER}, #{shopname,jdbcType=VARCHAR}, #{shoptype,jdbcType=VARCHAR}, 
      #{website,jdbcType=VARCHAR}, #{linkman,jdbcType=VARCHAR}, #{adr,jdbcType=VARCHAR}, 
      #{zip,jdbcType=VARCHAR}, #{tel,jdbcType=VARCHAR}, #{email,jdbcType=VARCHAR}, #{qq,jdbcType=VARCHAR}, 
      #{remark,jdbcType=VARCHAR}, #{bsndadr,jdbcType=BIT}, #{country,jdbcType=VARCHAR}, 
      #{province,jdbcType=VARCHAR}, #{city,jdbcType=VARCHAR}, #{town,jdbcType=VARCHAR}, 
      #{billstyle,jdbcType=VARCHAR}, #{costrate,jdbcType=VARCHAR}, #{orderpos,jdbcType=INTEGER}, 
      #{bblockup,jdbcType=BIT}, #{loginuser,jdbcType=VARCHAR}, #{loginpwd,jdbcType=VARCHAR}, 
      #{appkey,jdbcType=VARCHAR}, #{appsecret,jdbcType=VARCHAR}, #{bsubaccount,jdbcType=BIT}, 
      #{chargetype,jdbcType=VARCHAR}, #{accountid,jdbcType=INTEGER}, #{uid,jdbcType=VARCHAR}, 
      #{warehouseid,jdbcType=INTEGER}, #{containfx,jdbcType=INTEGER}, #{key3,jdbcType=VARCHAR}, 
      #{key4,jdbcType=VARCHAR}, #{setapi,jdbcType=BIT}, #{sellnick,jdbcType=VARCHAR}, 
      #{bsysstock,jdbcType=BIT}, #{bsysstockfx,jdbcType=BIT}, #{updateage,jdbcType=DECIMAL}, 
      #{sysware,jdbcType=INTEGER}, #{bchkstatus,jdbcType=TINYINT}, #{bchkbuyerremark,jdbcType=BIT}, 
      #{sessionkey,jdbcType=VARCHAR}, #{sessiondate,jdbcType=TIMESTAMP}, #{expiredate,jdbcType=TIMESTAMP}, 
      #{tbinctime,jdbcType=TIMESTAMP}, #{bincget,jdbcType=BIT}, #{syswarehouse,jdbcType=VARCHAR}, 
      #{syspercentage,jdbcType=INTEGER}, #{autogettime,jdbcType=TIMESTAMP}, #{userid,jdbcType=VARCHAR}, 
      #{userip,jdbcType=VARCHAR}, #{customerid,jdbcType=INTEGER}, #{ddprint,jdbcType=BIT}, 
      #{brdspull,jdbcType=BIT}, #{rdstime,jdbcType=TIMESTAMP}, #{autogetdiv,jdbcType=INTEGER}, 
      #{bautoget,jdbcType=BIT}, #{bgetrefuse,jdbcType=BIT}, #{bgetrefuseorder,jdbcType=BIT}, 
      #{refuseinctime,jdbcType=TIMESTAMP}, #{jdcustcode,jdbcType=VARCHAR}, #{bccc,jdbcType=BIT}, 
      #{rdschannel,jdbcType=INTEGER}, #{setext,jdbcType=VARCHAR}, #{bwlbcheck,jdbcType=BIT}, 
      #{paypaltoken,jdbcType=VARCHAR}, #{paypaluser,jdbcType=VARCHAR}, #{paypalpass,jdbcType=VARCHAR}, 
      #{frontname,jdbcType=VARCHAR}, #{macadr,jdbcType=VARCHAR}, #{siteid,jdbcType=VARCHAR}, 
      #{currencytype,jdbcType=VARCHAR}, #{bpostdelay,jdbcType=TINYINT}, #{postdelaytime,jdbcType=INTEGER}, 
      #{bwaitunpay,jdbcType=TINYINT}, #{waitunpaytime,jdbcType=DECIMAL}, #{bgrm,jdbcType=TINYINT}, 
      #{grmcontent,jdbcType=VARCHAR}, #{ordertimepoint,jdbcType=VARCHAR})
  </insert>
  <insert id="insertSelective" parameterType="com.taotao.pojo.GCfgShoplist" >
    insert into g_cfg_shoplist
    <trim prefix="(" suffix=")" suffixOverrides="," >
      <if test="shopid != null" >
        ShopID,
      </if>
      <if test="shopname != null" >
        ShopName,
      </if>
      <if test="shoptype != null" >
        ShopType,
      </if>
      <if test="website != null" >
        Website,
      </if>
      <if test="linkman != null" >
        Linkman,
      </if>
      <if test="adr != null" >
        Adr,
      </if>
      <if test="zip != null" >
        Zip,
      </if>
      <if test="tel != null" >
        Tel,
      </if>
      <if test="email != null" >
        Email,
      </if>
      <if test="qq != null" >
        QQ,
      </if>
      <if test="remark != null" >
        Remark,
      </if>
      <if test="bsndadr != null" >
        bSndAdr,
      </if>
      <if test="country != null" >
        Country,
      </if>
      <if test="province != null" >
        Province,
      </if>
      <if test="city != null" >
        City,
      </if>
      <if test="town != null" >
        Town,
      </if>
      <if test="billstyle != null" >
        BillStyle,
      </if>
      <if test="costrate != null" >
        CostRate,
      </if>
      <if test="orderpos != null" >
        OrderPos,
      </if>
      <if test="bblockup != null" >
        bBlockUp,
      </if>
      <if test="loginuser != null" >
        LoginUser,
      </if>
      <if test="loginpwd != null" >
        LoginPWD,
      </if>
      <if test="appkey != null" >
        AppKey,
      </if>
      <if test="appsecret != null" >
        AppSecret,
      </if>
      <if test="bsubaccount != null" >
        bSubAccount,
      </if>
      <if test="chargetype != null" >
        ChargeType,
      </if>
      <if test="accountid != null" >
        AccountID,
      </if>
      <if test="uid != null" >
        uID,
      </if>
      <if test="warehouseid != null" >
        WareHouseID,
      </if>
      <if test="containfx != null" >
        ContainFX,
      </if>
      <if test="key3 != null" >
        Key3,
      </if>
      <if test="key4 != null" >
        key4,
      </if>
      <if test="setapi != null" >
        SetAPI,
      </if>
      <if test="sellnick != null" >
        SellNick,
      </if>
      <if test="bsysstock != null" >
        bSysStock,
      </if>
      <if test="bsysstockfx != null" >
        bSysStockFx,
      </if>
      <if test="updateage != null" >
        UpdateAge,
      </if>
      <if test="sysware != null" >
        SysWare,
      </if>
      <if test="bchkstatus != null" >
        bCHKStatus,
      </if>
      <if test="bchkbuyerremark != null" >
        bCHKBuyerRemark,
      </if>
      <if test="sessionkey != null" >
        SessionKey,
      </if>
      <if test="sessiondate != null" >
        SessionDate,
      </if>
      <if test="expiredate != null" >
        expiredate,
      </if>
      <if test="tbinctime != null" >
        TBIncTime,
      </if>
      <if test="bincget != null" >
        bIncGet,
      </if>
      <if test="syswarehouse != null" >
        SysWareHouse,
      </if>
      <if test="syspercentage != null" >
        SysPercentage,
      </if>
      <if test="autogettime != null" >
        AutoGetTime,
      </if>
      <if test="userid != null" >
        UserID,
      </if>
      <if test="userip != null" >
        UserIP,
      </if>
      <if test="customerid != null" >
        customerID,
      </if>
      <if test="ddprint != null" >
        DDPrint,
      </if>
      <if test="brdspull != null" >
        bRDSPull,
      </if>
      <if test="rdstime != null" >
        RDSTime,
      </if>
      <if test="autogetdiv != null" >
        AutoGetDiv,
      </if>
      <if test="bautoget != null" >
        bAutoGet,
      </if>
      <if test="bgetrefuse != null" >
        bGetRefuse,
      </if>
      <if test="bgetrefuseorder != null" >
        bGetRefuseOrder,
      </if>
      <if test="refuseinctime != null" >
        RefuseIncTime,
      </if>
      <if test="jdcustcode != null" >
        jdcustcode,
      </if>
      <if test="bccc != null" >
        bccc,
      </if>
      <if test="rdschannel != null" >
        rdsChannel,
      </if>
      <if test="setext != null" >
        setext,
      </if>
      <if test="bwlbcheck != null" >
        bWLBCheck,
      </if>
      <if test="paypaltoken != null" >
        PayPalToken,
      </if>
      <if test="paypaluser != null" >
        PayPalUser,
      </if>
      <if test="paypalpass != null" >
        PayPalPass,
      </if>
      <if test="frontname != null" >
        FrontName,
      </if>
      <if test="macadr != null" >
        MacAdr,
      </if>
      <if test="siteid != null" >
        SiteID,
      </if>
      <if test="currencytype != null" >
        CurrencyType,
      </if>
      <if test="bpostdelay != null" >
        bPostDelay,
      </if>
      <if test="postdelaytime != null" >
        PostDelayTime,
      </if>
      <if test="bwaitunpay != null" >
        bWaitUnPay,
      </if>
      <if test="waitunpaytime != null" >
        WaitUnpayTime,
      </if>
      <if test="bgrm != null" >
        bGRM,
      </if>
      <if test="grmcontent != null" >
        GRMContent,
      </if>
      <if test="ordertimepoint != null" >
        OrderTimePoint,
      </if>
    </trim>
    <trim prefix="values (" suffix=")" suffixOverrides="," >
      <if test="shopid != null" >
        #{shopid,jdbcType=INTEGER},
      </if>
      <if test="shopname != null" >
        #{shopname,jdbcType=VARCHAR},
      </if>
      <if test="shoptype != null" >
        #{shoptype,jdbcType=VARCHAR},
      </if>
      <if test="website != null" >
        #{website,jdbcType=VARCHAR},
      </if>
      <if test="linkman != null" >
        #{linkman,jdbcType=VARCHAR},
      </if>
      <if test="adr != null" >
        #{adr,jdbcType=VARCHAR},
      </if>
      <if test="zip != null" >
        #{zip,jdbcType=VARCHAR},
      </if>
      <if test="tel != null" >
        #{tel,jdbcType=VARCHAR},
      </if>
      <if test="email != null" >
        #{email,jdbcType=VARCHAR},
      </if>
      <if test="qq != null" >
        #{qq,jdbcType=VARCHAR},
      </if>
      <if test="remark != null" >
        #{remark,jdbcType=VARCHAR},
      </if>
      <if test="bsndadr != null" >
        #{bsndadr,jdbcType=BIT},
      </if>
      <if test="country != null" >
        #{country,jdbcType=VARCHAR},
      </if>
      <if test="province != null" >
        #{province,jdbcType=VARCHAR},
      </if>
      <if test="city != null" >
        #{city,jdbcType=VARCHAR},
      </if>
      <if test="town != null" >
        #{town,jdbcType=VARCHAR},
      </if>
      <if test="billstyle != null" >
        #{billstyle,jdbcType=VARCHAR},
      </if>
      <if test="costrate != null" >
        #{costrate,jdbcType=VARCHAR},
      </if>
      <if test="orderpos != null" >
        #{orderpos,jdbcType=INTEGER},
      </if>
      <if test="bblockup != null" >
        #{bblockup,jdbcType=BIT},
      </if>
      <if test="loginuser != null" >
        #{loginuser,jdbcType=VARCHAR},
      </if>
      <if test="loginpwd != null" >
        #{loginpwd,jdbcType=VARCHAR},
      </if>
      <if test="appkey != null" >
        #{appkey,jdbcType=VARCHAR},
      </if>
      <if test="appsecret != null" >
        #{appsecret,jdbcType=VARCHAR},
      </if>
      <if test="bsubaccount != null" >
        #{bsubaccount,jdbcType=BIT},
      </if>
      <if test="chargetype != null" >
        #{chargetype,jdbcType=VARCHAR},
      </if>
      <if test="accountid != null" >
        #{accountid,jdbcType=INTEGER},
      </if>
      <if test="uid != null" >
        #{uid,jdbcType=VARCHAR},
      </if>
      <if test="warehouseid != null" >
        #{warehouseid,jdbcType=INTEGER},
      </if>
      <if test="containfx != null" >
        #{containfx,jdbcType=INTEGER},
      </if>
      <if test="key3 != null" >
        #{key3,jdbcType=VARCHAR},
      </if>
      <if test="key4 != null" >
        #{key4,jdbcType=VARCHAR},
      </if>
      <if test="setapi != null" >
        #{setapi,jdbcType=BIT},
      </if>
      <if test="sellnick != null" >
        #{sellnick,jdbcType=VARCHAR},
      </if>
      <if test="bsysstock != null" >
        #{bsysstock,jdbcType=BIT},
      </if>
      <if test="bsysstockfx != null" >
        #{bsysstockfx,jdbcType=BIT},
      </if>
      <if test="updateage != null" >
        #{updateage,jdbcType=DECIMAL},
      </if>
      <if test="sysware != null" >
        #{sysware,jdbcType=INTEGER},
      </if>
      <if test="bchkstatus != null" >
        #{bchkstatus,jdbcType=TINYINT},
      </if>
      <if test="bchkbuyerremark != null" >
        #{bchkbuyerremark,jdbcType=BIT},
      </if>
      <if test="sessionkey != null" >
        #{sessionkey,jdbcType=VARCHAR},
      </if>
      <if test="sessiondate != null" >
        #{sessiondate,jdbcType=TIMESTAMP},
      </if>
      <if test="expiredate != null" >
        #{expiredate,jdbcType=TIMESTAMP},
      </if>
      <if test="tbinctime != null" >
        #{tbinctime,jdbcType=TIMESTAMP},
      </if>
      <if test="bincget != null" >
        #{bincget,jdbcType=BIT},
      </if>
      <if test="syswarehouse != null" >
        #{syswarehouse,jdbcType=VARCHAR},
      </if>
      <if test="syspercentage != null" >
        #{syspercentage,jdbcType=INTEGER},
      </if>
      <if test="autogettime != null" >
        #{autogettime,jdbcType=TIMESTAMP},
      </if>
      <if test="userid != null" >
        #{userid,jdbcType=VARCHAR},
      </if>
      <if test="userip != null" >
        #{userip,jdbcType=VARCHAR},
      </if>
      <if test="customerid != null" >
        #{customerid,jdbcType=INTEGER},
      </if>
      <if test="ddprint != null" >
        #{ddprint,jdbcType=BIT},
      </if>
      <if test="brdspull != null" >
        #{brdspull,jdbcType=BIT},
      </if>
      <if test="rdstime != null" >
        #{rdstime,jdbcType=TIMESTAMP},
      </if>
      <if test="autogetdiv != null" >
        #{autogetdiv,jdbcType=INTEGER},
      </if>
      <if test="bautoget != null" >
        #{bautoget,jdbcType=BIT},
      </if>
      <if test="bgetrefuse != null" >
        #{bgetrefuse,jdbcType=BIT},
      </if>
      <if test="bgetrefuseorder != null" >
        #{bgetrefuseorder,jdbcType=BIT},
      </if>
      <if test="refuseinctime != null" >
        #{refuseinctime,jdbcType=TIMESTAMP},
      </if>
      <if test="jdcustcode != null" >
        #{jdcustcode,jdbcType=VARCHAR},
      </if>
      <if test="bccc != null" >
        #{bccc,jdbcType=BIT},
      </if>
      <if test="rdschannel != null" >
        #{rdschannel,jdbcType=INTEGER},
      </if>
      <if test="setext != null" >
        #{setext,jdbcType=VARCHAR},
      </if>
      <if test="bwlbcheck != null" >
        #{bwlbcheck,jdbcType=BIT},
      </if>
      <if test="paypaltoken != null" >
        #{paypaltoken,jdbcType=VARCHAR},
      </if>
      <if test="paypaluser != null" >
        #{paypaluser,jdbcType=VARCHAR},
      </if>
      <if test="paypalpass != null" >
        #{paypalpass,jdbcType=VARCHAR},
      </if>
      <if test="frontname != null" >
        #{frontname,jdbcType=VARCHAR},
      </if>
      <if test="macadr != null" >
        #{macadr,jdbcType=VARCHAR},
      </if>
      <if test="siteid != null" >
        #{siteid,jdbcType=VARCHAR},
      </if>
      <if test="currencytype != null" >
        #{currencytype,jdbcType=VARCHAR},
      </if>
      <if test="bpostdelay != null" >
        #{bpostdelay,jdbcType=TINYINT},
      </if>
      <if test="postdelaytime != null" >
        #{postdelaytime,jdbcType=INTEGER},
      </if>
      <if test="bwaitunpay != null" >
        #{bwaitunpay,jdbcType=TINYINT},
      </if>
      <if test="waitunpaytime != null" >
        #{waitunpaytime,jdbcType=DECIMAL},
      </if>
      <if test="bgrm != null" >
        #{bgrm,jdbcType=TINYINT},
      </if>
      <if test="grmcontent != null" >
        #{grmcontent,jdbcType=VARCHAR},
      </if>
      <if test="ordertimepoint != null" >
        #{ordertimepoint,jdbcType=VARCHAR},
      </if>
    </trim>
  </insert>
  <select id="countByExample" parameterType="com.taotao.pojo.GCfgShoplistExample" resultType="java.lang.Integer" >
    select count(*) from g_cfg_shoplist
    <if test="_parameter != null" >
      <include refid="Example_Where_Clause" />
    </if>
  </select>
  <update id="updateByExampleSelective" parameterType="map" >
    update g_cfg_shoplist
    <set >
      <if test="record.shopid != null" >
        ShopID = #{record.shopid,jdbcType=INTEGER},
      </if>
      <if test="record.shopname != null" >
        ShopName = #{record.shopname,jdbcType=VARCHAR},
      </if>
      <if test="record.shoptype != null" >
        ShopType = #{record.shoptype,jdbcType=VARCHAR},
      </if>
      <if test="record.website != null" >
        Website = #{record.website,jdbcType=VARCHAR},
      </if>
      <if test="record.linkman != null" >
        Linkman = #{record.linkman,jdbcType=VARCHAR},
      </if>
      <if test="record.adr != null" >
        Adr = #{record.adr,jdbcType=VARCHAR},
      </if>
      <if test="record.zip != null" >
        Zip = #{record.zip,jdbcType=VARCHAR},
      </if>
      <if test="record.tel != null" >
        Tel = #{record.tel,jdbcType=VARCHAR},
      </if>
      <if test="record.email != null" >
        Email = #{record.email,jdbcType=VARCHAR},
      </if>
      <if test="record.qq != null" >
        QQ = #{record.qq,jdbcType=VARCHAR},
      </if>
      <if test="record.remark != null" >
        Remark = #{record.remark,jdbcType=VARCHAR},
      </if>
      <if test="record.bsndadr != null" >
        bSndAdr = #{record.bsndadr,jdbcType=BIT},
      </if>
      <if test="record.country != null" >
        Country = #{record.country,jdbcType=VARCHAR},
      </if>
      <if test="record.province != null" >
        Province = #{record.province,jdbcType=VARCHAR},
      </if>
      <if test="record.city != null" >
        City = #{record.city,jdbcType=VARCHAR},
      </if>
      <if test="record.town != null" >
        Town = #{record.town,jdbcType=VARCHAR},
      </if>
      <if test="record.billstyle != null" >
        BillStyle = #{record.billstyle,jdbcType=VARCHAR},
      </if>
      <if test="record.costrate != null" >
        CostRate = #{record.costrate,jdbcType=VARCHAR},
      </if>
      <if test="record.orderpos != null" >
        OrderPos = #{record.orderpos,jdbcType=INTEGER},
      </if>
      <if test="record.bblockup != null" >
        bBlockUp = #{record.bblockup,jdbcType=BIT},
      </if>
      <if test="record.loginuser != null" >
        LoginUser = #{record.loginuser,jdbcType=VARCHAR},
      </if>
      <if test="record.loginpwd != null" >
        LoginPWD = #{record.loginpwd,jdbcType=VARCHAR},
      </if>
      <if test="record.appkey != null" >
        AppKey = #{record.appkey,jdbcType=VARCHAR},
      </if>
      <if test="record.appsecret != null" >
        AppSecret = #{record.appsecret,jdbcType=VARCHAR},
      </if>
      <if test="record.bsubaccount != null" >
        bSubAccount = #{record.bsubaccount,jdbcType=BIT},
      </if>
      <if test="record.chargetype != null" >
        ChargeType = #{record.chargetype,jdbcType=VARCHAR},
      </if>
      <if test="record.accountid != null" >
        AccountID = #{record.accountid,jdbcType=INTEGER},
      </if>
      <if test="record.uid != null" >
        uID = #{record.uid,jdbcType=VARCHAR},
      </if>
      <if test="record.warehouseid != null" >
        WareHouseID = #{record.warehouseid,jdbcType=INTEGER},
      </if>
      <if test="record.containfx != null" >
        ContainFX = #{record.containfx,jdbcType=INTEGER},
      </if>
      <if test="record.key3 != null" >
        Key3 = #{record.key3,jdbcType=VARCHAR},
      </if>
      <if test="record.key4 != null" >
        key4 = #{record.key4,jdbcType=VARCHAR},
      </if>
      <if test="record.setapi != null" >
        SetAPI = #{record.setapi,jdbcType=BIT},
      </if>
      <if test="record.sellnick != null" >
        SellNick = #{record.sellnick,jdbcType=VARCHAR},
      </if>
      <if test="record.bsysstock != null" >
        bSysStock = #{record.bsysstock,jdbcType=BIT},
      </if>
      <if test="record.bsysstockfx != null" >
        bSysStockFx = #{record.bsysstockfx,jdbcType=BIT},
      </if>
      <if test="record.updateage != null" >
        UpdateAge = #{record.updateage,jdbcType=DECIMAL},
      </if>
      <if test="record.sysware != null" >
        SysWare = #{record.sysware,jdbcType=INTEGER},
      </if>
      <if test="record.bchkstatus != null" >
        bCHKStatus = #{record.bchkstatus,jdbcType=TINYINT},
      </if>
      <if test="record.bchkbuyerremark != null" >
        bCHKBuyerRemark = #{record.bchkbuyerremark,jdbcType=BIT},
      </if>
      <if test="record.sessionkey != null" >
        SessionKey = #{record.sessionkey,jdbcType=VARCHAR},
      </if>
      <if test="record.sessiondate != null" >
        SessionDate = #{record.sessiondate,jdbcType=TIMESTAMP},
      </if>
      <if test="record.expiredate != null" >
        expiredate = #{record.expiredate,jdbcType=TIMESTAMP},
      </if>
      <if test="record.tbinctime != null" >
        TBIncTime = #{record.tbinctime,jdbcType=TIMESTAMP},
      </if>
      <if test="record.bincget != null" >
        bIncGet = #{record.bincget,jdbcType=BIT},
      </if>
      <if test="record.syswarehouse != null" >
        SysWareHouse = #{record.syswarehouse,jdbcType=VARCHAR},
      </if>
      <if test="record.syspercentage != null" >
        SysPercentage = #{record.syspercentage,jdbcType=INTEGER},
      </if>
      <if test="record.autogettime != null" >
        AutoGetTime = #{record.autogettime,jdbcType=TIMESTAMP},
      </if>
      <if test="record.userid != null" >
        UserID = #{record.userid,jdbcType=VARCHAR},
      </if>
      <if test="record.userip != null" >
        UserIP = #{record.userip,jdbcType=VARCHAR},
      </if>
      <if test="record.customerid != null" >
        customerID = #{record.customerid,jdbcType=INTEGER},
      </if>
      <if test="record.ddprint != null" >
        DDPrint = #{record.ddprint,jdbcType=BIT},
      </if>
      <if test="record.brdspull != null" >
        bRDSPull = #{record.brdspull,jdbcType=BIT},
      </if>
      <if test="record.rdstime != null" >
        RDSTime = #{record.rdstime,jdbcType=TIMESTAMP},
      </if>
      <if test="record.autogetdiv != null" >
        AutoGetDiv = #{record.autogetdiv,jdbcType=INTEGER},
      </if>
      <if test="record.bautoget != null" >
        bAutoGet = #{record.bautoget,jdbcType=BIT},
      </if>
      <if test="record.bgetrefuse != null" >
        bGetRefuse = #{record.bgetrefuse,jdbcType=BIT},
      </if>
      <if test="record.bgetrefuseorder != null" >
        bGetRefuseOrder = #{record.bgetrefuseorder,jdbcType=BIT},
      </if>
      <if test="record.refuseinctime != null" >
        RefuseIncTime = #{record.refuseinctime,jdbcType=TIMESTAMP},
      </if>
      <if test="record.jdcustcode != null" >
        jdcustcode = #{record.jdcustcode,jdbcType=VARCHAR},
      </if>
      <if test="record.bccc != null" >
        bccc = #{record.bccc,jdbcType=BIT},
      </if>
      <if test="record.rdschannel != null" >
        rdsChannel = #{record.rdschannel,jdbcType=INTEGER},
      </if>
      <if test="record.setext != null" >
        setext = #{record.setext,jdbcType=VARCHAR},
      </if>
      <if test="record.bwlbcheck != null" >
        bWLBCheck = #{record.bwlbcheck,jdbcType=BIT},
      </if>
      <if test="record.paypaltoken != null" >
        PayPalToken = #{record.paypaltoken,jdbcType=VARCHAR},
      </if>
      <if test="record.paypaluser != null" >
        PayPalUser = #{record.paypaluser,jdbcType=VARCHAR},
      </if>
      <if test="record.paypalpass != null" >
        PayPalPass = #{record.paypalpass,jdbcType=VARCHAR},
      </if>
      <if test="record.frontname != null" >
        FrontName = #{record.frontname,jdbcType=VARCHAR},
      </if>
      <if test="record.macadr != null" >
        MacAdr = #{record.macadr,jdbcType=VARCHAR},
      </if>
      <if test="record.siteid != null" >
        SiteID = #{record.siteid,jdbcType=VARCHAR},
      </if>
      <if test="record.currencytype != null" >
        CurrencyType = #{record.currencytype,jdbcType=VARCHAR},
      </if>
      <if test="record.bpostdelay != null" >
        bPostDelay = #{record.bpostdelay,jdbcType=TINYINT},
      </if>
      <if test="record.postdelaytime != null" >
        PostDelayTime = #{record.postdelaytime,jdbcType=INTEGER},
      </if>
      <if test="record.bwaitunpay != null" >
        bWaitUnPay = #{record.bwaitunpay,jdbcType=TINYINT},
      </if>
      <if test="record.waitunpaytime != null" >
        WaitUnpayTime = #{record.waitunpaytime,jdbcType=DECIMAL},
      </if>
      <if test="record.bgrm != null" >
        bGRM = #{record.bgrm,jdbcType=TINYINT},
      </if>
      <if test="record.grmcontent != null" >
        GRMContent = #{record.grmcontent,jdbcType=VARCHAR},
      </if>
      <if test="record.ordertimepoint != null" >
        OrderTimePoint = #{record.ordertimepoint,jdbcType=VARCHAR},
      </if>
    </set>
    <if test="_parameter != null" >
      <include refid="Update_By_Example_Where_Clause" />
    </if>
  </update>
  <update id="updateByExample" parameterType="map" >
    update g_cfg_shoplist
    set ShopID = #{record.shopid,jdbcType=INTEGER},
      ShopName = #{record.shopname,jdbcType=VARCHAR},
      ShopType = #{record.shoptype,jdbcType=VARCHAR},
      Website = #{record.website,jdbcType=VARCHAR},
      Linkman = #{record.linkman,jdbcType=VARCHAR},
      Adr = #{record.adr,jdbcType=VARCHAR},
      Zip = #{record.zip,jdbcType=VARCHAR},
      Tel = #{record.tel,jdbcType=VARCHAR},
      Email = #{record.email,jdbcType=VARCHAR},
      QQ = #{record.qq,jdbcType=VARCHAR},
      Remark = #{record.remark,jdbcType=VARCHAR},
      bSndAdr = #{record.bsndadr,jdbcType=BIT},
      Country = #{record.country,jdbcType=VARCHAR},
      Province = #{record.province,jdbcType=VARCHAR},
      City = #{record.city,jdbcType=VARCHAR},
      Town = #{record.town,jdbcType=VARCHAR},
      BillStyle = #{record.billstyle,jdbcType=VARCHAR},
      CostRate = #{record.costrate,jdbcType=VARCHAR},
      OrderPos = #{record.orderpos,jdbcType=INTEGER},
      bBlockUp = #{record.bblockup,jdbcType=BIT},
      LoginUser = #{record.loginuser,jdbcType=VARCHAR},
      LoginPWD = #{record.loginpwd,jdbcType=VARCHAR},
      AppKey = #{record.appkey,jdbcType=VARCHAR},
      AppSecret = #{record.appsecret,jdbcType=VARCHAR},
      bSubAccount = #{record.bsubaccount,jdbcType=BIT},
      ChargeType = #{record.chargetype,jdbcType=VARCHAR},
      AccountID = #{record.accountid,jdbcType=INTEGER},
      uID = #{record.uid,jdbcType=VARCHAR},
      WareHouseID = #{record.warehouseid,jdbcType=INTEGER},
      ContainFX = #{record.containfx,jdbcType=INTEGER},
      Key3 = #{record.key3,jdbcType=VARCHAR},
      key4 = #{record.key4,jdbcType=VARCHAR},
      SetAPI = #{record.setapi,jdbcType=BIT},
      SellNick = #{record.sellnick,jdbcType=VARCHAR},
      bSysStock = #{record.bsysstock,jdbcType=BIT},
      bSysStockFx = #{record.bsysstockfx,jdbcType=BIT},
      UpdateAge = #{record.updateage,jdbcType=DECIMAL},
      SysWare = #{record.sysware,jdbcType=INTEGER},
      bCHKStatus = #{record.bchkstatus,jdbcType=TINYINT},
      bCHKBuyerRemark = #{record.bchkbuyerremark,jdbcType=BIT},
      SessionKey = #{record.sessionkey,jdbcType=VARCHAR},
      SessionDate = #{record.sessiondate,jdbcType=TIMESTAMP},
      expiredate = #{record.expiredate,jdbcType=TIMESTAMP},
      TBIncTime = #{record.tbinctime,jdbcType=TIMESTAMP},
      bIncGet = #{record.bincget,jdbcType=BIT},
      SysWareHouse = #{record.syswarehouse,jdbcType=VARCHAR},
      SysPercentage = #{record.syspercentage,jdbcType=INTEGER},
      AutoGetTime = #{record.autogettime,jdbcType=TIMESTAMP},
      UserID = #{record.userid,jdbcType=VARCHAR},
      UserIP = #{record.userip,jdbcType=VARCHAR},
      customerID = #{record.customerid,jdbcType=INTEGER},
      DDPrint = #{record.ddprint,jdbcType=BIT},
      bRDSPull = #{record.brdspull,jdbcType=BIT},
      RDSTime = #{record.rdstime,jdbcType=TIMESTAMP},
      AutoGetDiv = #{record.autogetdiv,jdbcType=INTEGER},
      bAutoGet = #{record.bautoget,jdbcType=BIT},
      bGetRefuse = #{record.bgetrefuse,jdbcType=BIT},
      bGetRefuseOrder = #{record.bgetrefuseorder,jdbcType=BIT},
      RefuseIncTime = #{record.refuseinctime,jdbcType=TIMESTAMP},
      jdcustcode = #{record.jdcustcode,jdbcType=VARCHAR},
      bccc = #{record.bccc,jdbcType=BIT},
      rdsChannel = #{record.rdschannel,jdbcType=INTEGER},
      setext = #{record.setext,jdbcType=VARCHAR},
      bWLBCheck = #{record.bwlbcheck,jdbcType=BIT},
      PayPalToken = #{record.paypaltoken,jdbcType=VARCHAR},
      PayPalUser = #{record.paypaluser,jdbcType=VARCHAR},
      PayPalPass = #{record.paypalpass,jdbcType=VARCHAR},
      FrontName = #{record.frontname,jdbcType=VARCHAR},
      MacAdr = #{record.macadr,jdbcType=VARCHAR},
      SiteID = #{record.siteid,jdbcType=VARCHAR},
      CurrencyType = #{record.currencytype,jdbcType=VARCHAR},
      bPostDelay = #{record.bpostdelay,jdbcType=TINYINT},
      PostDelayTime = #{record.postdelaytime,jdbcType=INTEGER},
      bWaitUnPay = #{record.bwaitunpay,jdbcType=TINYINT},
      WaitUnpayTime = #{record.waitunpaytime,jdbcType=DECIMAL},
      bGRM = #{record.bgrm,jdbcType=TINYINT},
      GRMContent = #{record.grmcontent,jdbcType=VARCHAR},
      OrderTimePoint = #{record.ordertimepoint,jdbcType=VARCHAR}
    <if test="_parameter != null" >
      <include refid="Update_By_Example_Where_Clause" />
    </if>
  </update>
  <update id="updateByPrimaryKeySelective" parameterType="com.taotao.pojo.GCfgShoplist" >
    update g_cfg_shoplist
    <set >
      <if test="shopname != null" >
        ShopName = #{shopname,jdbcType=VARCHAR},
      </if>
      <if test="shoptype != null" >
        ShopType = #{shoptype,jdbcType=VARCHAR},
      </if>
      <if test="website != null" >
        Website = #{website,jdbcType=VARCHAR},
      </if>
      <if test="linkman != null" >
        Linkman = #{linkman,jdbcType=VARCHAR},
      </if>
      <if test="adr != null" >
        Adr = #{adr,jdbcType=VARCHAR},
      </if>
      <if test="zip != null" >
        Zip = #{zip,jdbcType=VARCHAR},
      </if>
      <if test="tel != null" >
        Tel = #{tel,jdbcType=VARCHAR},
      </if>
      <if test="email != null" >
        Email = #{email,jdbcType=VARCHAR},
      </if>
      <if test="qq != null" >
        QQ = #{qq,jdbcType=VARCHAR},
      </if>
      <if test="remark != null" >
        Remark = #{remark,jdbcType=VARCHAR},
      </if>
      <if test="bsndadr != null" >
        bSndAdr = #{bsndadr,jdbcType=BIT},
      </if>
      <if test="country != null" >
        Country = #{country,jdbcType=VARCHAR},
      </if>
      <if test="province != null" >
        Province = #{province,jdbcType=VARCHAR},
      </if>
      <if test="city != null" >
        City = #{city,jdbcType=VARCHAR},
      </if>
      <if test="town != null" >
        Town = #{town,jdbcType=VARCHAR},
      </if>
      <if test="billstyle != null" >
        BillStyle = #{billstyle,jdbcType=VARCHAR},
      </if>
      <if test="costrate != null" >
        CostRate = #{costrate,jdbcType=VARCHAR},
      </if>
      <if test="orderpos != null" >
        OrderPos = #{orderpos,jdbcType=INTEGER},
      </if>
      <if test="bblockup != null" >
        bBlockUp = #{bblockup,jdbcType=BIT},
      </if>
      <if test="loginuser != null" >
        LoginUser = #{loginuser,jdbcType=VARCHAR},
      </if>
      <if test="loginpwd != null" >
        LoginPWD = #{loginpwd,jdbcType=VARCHAR},
      </if>
      <if test="appkey != null" >
        AppKey = #{appkey,jdbcType=VARCHAR},
      </if>
      <if test="appsecret != null" >
        AppSecret = #{appsecret,jdbcType=VARCHAR},
      </if>
      <if test="bsubaccount != null" >
        bSubAccount = #{bsubaccount,jdbcType=BIT},
      </if>
      <if test="chargetype != null" >
        ChargeType = #{chargetype,jdbcType=VARCHAR},
      </if>
      <if test="accountid != null" >
        AccountID = #{accountid,jdbcType=INTEGER},
      </if>
      <if test="uid != null" >
        uID = #{uid,jdbcType=VARCHAR},
      </if>
      <if test="warehouseid != null" >
        WareHouseID = #{warehouseid,jdbcType=INTEGER},
      </if>
      <if test="containfx != null" >
        ContainFX = #{containfx,jdbcType=INTEGER},
      </if>
      <if test="key3 != null" >
        Key3 = #{key3,jdbcType=VARCHAR},
      </if>
      <if test="key4 != null" >
        key4 = #{key4,jdbcType=VARCHAR},
      </if>
      <if test="setapi != null" >
        SetAPI = #{setapi,jdbcType=BIT},
      </if>
      <if test="sellnick != null" >
        SellNick = #{sellnick,jdbcType=VARCHAR},
      </if>
      <if test="bsysstock != null" >
        bSysStock = #{bsysstock,jdbcType=BIT},
      </if>
      <if test="bsysstockfx != null" >
        bSysStockFx = #{bsysstockfx,jdbcType=BIT},
      </if>
      <if test="updateage != null" >
        UpdateAge = #{updateage,jdbcType=DECIMAL},
      </if>
      <if test="sysware != null" >
        SysWare = #{sysware,jdbcType=INTEGER},
      </if>
      <if test="bchkstatus != null" >
        bCHKStatus = #{bchkstatus,jdbcType=TINYINT},
      </if>
      <if test="bchkbuyerremark != null" >
        bCHKBuyerRemark = #{bchkbuyerremark,jdbcType=BIT},
      </if>
      <if test="sessionkey != null" >
        SessionKey = #{sessionkey,jdbcType=VARCHAR},
      </if>
      <if test="sessiondate != null" >
        SessionDate = #{sessiondate,jdbcType=TIMESTAMP},
      </if>
      <if test="expiredate != null" >
        expiredate = #{expiredate,jdbcType=TIMESTAMP},
      </if>
      <if test="tbinctime != null" >
        TBIncTime = #{tbinctime,jdbcType=TIMESTAMP},
      </if>
      <if test="bincget != null" >
        bIncGet = #{bincget,jdbcType=BIT},
      </if>
      <if test="syswarehouse != null" >
        SysWareHouse = #{syswarehouse,jdbcType=VARCHAR},
      </if>
      <if test="syspercentage != null" >
        SysPercentage = #{syspercentage,jdbcType=INTEGER},
      </if>
      <if test="autogettime != null" >
        AutoGetTime = #{autogettime,jdbcType=TIMESTAMP},
      </if>
      <if test="userid != null" >
        UserID = #{userid,jdbcType=VARCHAR},
      </if>
      <if test="userip != null" >
        UserIP = #{userip,jdbcType=VARCHAR},
      </if>
      <if test="customerid != null" >
        customerID = #{customerid,jdbcType=INTEGER},
      </if>
      <if test="ddprint != null" >
        DDPrint = #{ddprint,jdbcType=BIT},
      </if>
      <if test="brdspull != null" >
        bRDSPull = #{brdspull,jdbcType=BIT},
      </if>
      <if test="rdstime != null" >
        RDSTime = #{rdstime,jdbcType=TIMESTAMP},
      </if>
      <if test="autogetdiv != null" >
        AutoGetDiv = #{autogetdiv,jdbcType=INTEGER},
      </if>
      <if test="bautoget != null" >
        bAutoGet = #{bautoget,jdbcType=BIT},
      </if>
      <if test="bgetrefuse != null" >
        bGetRefuse = #{bgetrefuse,jdbcType=BIT},
      </if>
      <if test="bgetrefuseorder != null" >
        bGetRefuseOrder = #{bgetrefuseorder,jdbcType=BIT},
      </if>
      <if test="refuseinctime != null" >
        RefuseIncTime = #{refuseinctime,jdbcType=TIMESTAMP},
      </if>
      <if test="jdcustcode != null" >
        jdcustcode = #{jdcustcode,jdbcType=VARCHAR},
      </if>
      <if test="bccc != null" >
        bccc = #{bccc,jdbcType=BIT},
      </if>
      <if test="rdschannel != null" >
        rdsChannel = #{rdschannel,jdbcType=INTEGER},
      </if>
      <if test="setext != null" >
        setext = #{setext,jdbcType=VARCHAR},
      </if>
      <if test="bwlbcheck != null" >
        bWLBCheck = #{bwlbcheck,jdbcType=BIT},
      </if>
      <if test="paypaltoken != null" >
        PayPalToken = #{paypaltoken,jdbcType=VARCHAR},
      </if>
      <if test="paypaluser != null" >
        PayPalUser = #{paypaluser,jdbcType=VARCHAR},
      </if>
      <if test="paypalpass != null" >
        PayPalPass = #{paypalpass,jdbcType=VARCHAR},
      </if>
      <if test="frontname != null" >
        FrontName = #{frontname,jdbcType=VARCHAR},
      </if>
      <if test="macadr != null" >
        MacAdr = #{macadr,jdbcType=VARCHAR},
      </if>
      <if test="siteid != null" >
        SiteID = #{siteid,jdbcType=VARCHAR},
      </if>
      <if test="currencytype != null" >
        CurrencyType = #{currencytype,jdbcType=VARCHAR},
      </if>
      <if test="bpostdelay != null" >
        bPostDelay = #{bpostdelay,jdbcType=TINYINT},
      </if>
      <if test="postdelaytime != null" >
        PostDelayTime = #{postdelaytime,jdbcType=INTEGER},
      </if>
      <if test="bwaitunpay != null" >
        bWaitUnPay = #{bwaitunpay,jdbcType=TINYINT},
      </if>
      <if test="waitunpaytime != null" >
        WaitUnpayTime = #{waitunpaytime,jdbcType=DECIMAL},
      </if>
      <if test="bgrm != null" >
        bGRM = #{bgrm,jdbcType=TINYINT},
      </if>
      <if test="grmcontent != null" >
        GRMContent = #{grmcontent,jdbcType=VARCHAR},
      </if>
      <if test="ordertimepoint != null" >
        OrderTimePoint = #{ordertimepoint,jdbcType=VARCHAR},
      </if>
    </set>
    where ShopID = #{shopid,jdbcType=INTEGER}
  </update>
  <update id="updateByPrimaryKey" parameterType="com.taotao.pojo.GCfgShoplist" >
    update g_cfg_shoplist
    set ShopName = #{shopname,jdbcType=VARCHAR},
      ShopType = #{shoptype,jdbcType=VARCHAR},
      Website = #{website,jdbcType=VARCHAR},
      Linkman = #{linkman,jdbcType=VARCHAR},
      Adr = #{adr,jdbcType=VARCHAR},
      Zip = #{zip,jdbcType=VARCHAR},
      Tel = #{tel,jdbcType=VARCHAR},
      Email = #{email,jdbcType=VARCHAR},
      QQ = #{qq,jdbcType=VARCHAR},
      Remark = #{remark,jdbcType=VARCHAR},
      bSndAdr = #{bsndadr,jdbcType=BIT},
      Country = #{country,jdbcType=VARCHAR},
      Province = #{province,jdbcType=VARCHAR},
      City = #{city,jdbcType=VARCHAR},
      Town = #{town,jdbcType=VARCHAR},
      BillStyle = #{billstyle,jdbcType=VARCHAR},
      CostRate = #{costrate,jdbcType=VARCHAR},
      OrderPos = #{orderpos,jdbcType=INTEGER},
      bBlockUp = #{bblockup,jdbcType=BIT},
      LoginUser = #{loginuser,jdbcType=VARCHAR},
      LoginPWD = #{loginpwd,jdbcType=VARCHAR},
      AppKey = #{appkey,jdbcType=VARCHAR},
      AppSecret = #{appsecret,jdbcType=VARCHAR},
      bSubAccount = #{bsubaccount,jdbcType=BIT},
      ChargeType = #{chargetype,jdbcType=VARCHAR},
      AccountID = #{accountid,jdbcType=INTEGER},
      uID = #{uid,jdbcType=VARCHAR},
      WareHouseID = #{warehouseid,jdbcType=INTEGER},
      ContainFX = #{containfx,jdbcType=INTEGER},
      Key3 = #{key3,jdbcType=VARCHAR},
      key4 = #{key4,jdbcType=VARCHAR},
      SetAPI = #{setapi,jdbcType=BIT},
      SellNick = #{sellnick,jdbcType=VARCHAR},
      bSysStock = #{bsysstock,jdbcType=BIT},
      bSysStockFx = #{bsysstockfx,jdbcType=BIT},
      UpdateAge = #{updateage,jdbcType=DECIMAL},
      SysWare = #{sysware,jdbcType=INTEGER},
      bCHKStatus = #{bchkstatus,jdbcType=TINYINT},
      bCHKBuyerRemark = #{bchkbuyerremark,jdbcType=BIT},
      SessionKey = #{sessionkey,jdbcType=VARCHAR},
      SessionDate = #{sessiondate,jdbcType=TIMESTAMP},
      expiredate = #{expiredate,jdbcType=TIMESTAMP},
      TBIncTime = #{tbinctime,jdbcType=TIMESTAMP},
      bIncGet = #{bincget,jdbcType=BIT},
      SysWareHouse = #{syswarehouse,jdbcType=VARCHAR},
      SysPercentage = #{syspercentage,jdbcType=INTEGER},
      AutoGetTime = #{autogettime,jdbcType=TIMESTAMP},
      UserID = #{userid,jdbcType=VARCHAR},
      UserIP = #{userip,jdbcType=VARCHAR},
      customerID = #{customerid,jdbcType=INTEGER},
      DDPrint = #{ddprint,jdbcType=BIT},
      bRDSPull = #{brdspull,jdbcType=BIT},
      RDSTime = #{rdstime,jdbcType=TIMESTAMP},
      AutoGetDiv = #{autogetdiv,jdbcType=INTEGER},
      bAutoGet = #{bautoget,jdbcType=BIT},
      bGetRefuse = #{bgetrefuse,jdbcType=BIT},
      bGetRefuseOrder = #{bgetrefuseorder,jdbcType=BIT},
      RefuseIncTime = #{refuseinctime,jdbcType=TIMESTAMP},
      jdcustcode = #{jdcustcode,jdbcType=VARCHAR},
      bccc = #{bccc,jdbcType=BIT},
      rdsChannel = #{rdschannel,jdbcType=INTEGER},
      setext = #{setext,jdbcType=VARCHAR},
      bWLBCheck = #{bwlbcheck,jdbcType=BIT},
      PayPalToken = #{paypaltoken,jdbcType=VARCHAR},
      PayPalUser = #{paypaluser,jdbcType=VARCHAR},
      PayPalPass = #{paypalpass,jdbcType=VARCHAR},
      FrontName = #{frontname,jdbcType=VARCHAR},
      MacAdr = #{macadr,jdbcType=VARCHAR},
      SiteID = #{siteid,jdbcType=VARCHAR},
      CurrencyType = #{currencytype,jdbcType=VARCHAR},
      bPostDelay = #{bpostdelay,jdbcType=TINYINT},
      PostDelayTime = #{postdelaytime,jdbcType=INTEGER},
      bWaitUnPay = #{bwaitunpay,jdbcType=TINYINT},
      WaitUnpayTime = #{waitunpaytime,jdbcType=DECIMAL},
      bGRM = #{bgrm,jdbcType=TINYINT},
      GRMContent = #{grmcontent,jdbcType=VARCHAR},
      OrderTimePoint = #{ordertimepoint,jdbcType=VARCHAR}
    where ShopID = #{shopid,jdbcType=INTEGER}
  </update>
</mapper>