<?xml version="1.0" encoding="UTF-8" ?>
<!DOCTYPE mapper PUBLIC "-//mybatis.org//DTD Mapper 3.0//EN" "http://mybatis.org/dtd/mybatis-3-mapper.dtd" >
<mapper namespace="com.cq.dao.UserDao" >
  <resultMap id="BaseResultMap" type="com.cq.model.User" >
    <id column="user_id" property="userId" jdbcType="BIGINT" />
    <result column="user_name" property="userName" jdbcType="VARCHAR" />
    <result column="password" property="password" jdbcType="VARCHAR" />
    <result column="email" property="email" jdbcType="VARCHAR" />
    <result column="mobile" property="mobile" jdbcType="VARCHAR" />
    <result column="real_name" property="realName" jdbcType="VARCHAR" />
    <result column="main_depart_id" property="mainDepartId" jdbcType="BIGINT" />
    <result column="main_depart_name" property="mainDepartName" jdbcType="VARCHAR" />
    <result column="position_id" property="positionId" jdbcType="INTEGER" />
    <result column="position_name" property="positionName" jdbcType="VARCHAR" />
    <result column="leader_depart_id" property="leaderDepartId" jdbcType="BIGINT" />
    <result column="leader_depart_name" property="leaderDepartName" jdbcType="VARCHAR" />
    <result column="leader_user_id" property="leaderUserId" jdbcType="BIGINT" />
    <result column="leader_user_name" property="leaderUserName" jdbcType="VARCHAR" />
    <result column="leader_position_id" property="leaderPositionId" jdbcType="INTEGER" />
    <result column="leader_positon_name" property="leaderPositonName" jdbcType="VARCHAR" />
    <result column="gmt_create" property="gmtCreate" jdbcType="TIMESTAMP" />
    <result column="gmt_modified" property="gmtModified" jdbcType="TIMESTAMP" />
  </resultMap>
   
   <sql id="flow_query">
	 	<if test="flowQueryDTO != null">
			<if test="flowQueryDTO.id != null">
				AND flow.id = #{flowQueryDTO.id}
			</if>
			<if test="flowQueryDTO.flowId != null">
				AND flow.flow_id = #{flowQueryDTO.flowId}
			</if>
			<if test="flowQueryDTO.flowNameLeft !=null and flowQueryDTO.flowNameLeft != '' ">
				AND flow.flow_name like '%${flowQueryDTO.flowNameLeft}%'
			</if>
			<if test="flowQueryDTO.gtDate != null">
				AND flow.gmt_create &gt;= #{flowQueryDTO.gtDate}
			</if>
			<if test="flowQueryDTO.ltDate != null">
				AND flow.gmt_create &lt; #{flowQueryDTO.ltDate}
			</if>
			<if test="flowQueryDTO.categoryIdLeft != null and flowQueryDTO.categoryIdLeft.size != 0">
				AND flow.category_id IN
				<foreach collection="flowQueryDTO.categoryIdLeft" index="index" item="item" open="(" separator="," close=")">
					#{item}
				</foreach>
			</if>
			<!-- 表头查询 -->
			<if test="flowQueryDTO.categoryIdIn != null">
				AND flow.category_id in ${flowQueryDTO.categoryIdIn}
			</if>
			<if test="flowQueryDTO.flowNameLike != null">
				AND flow.flow_name like '%${flowQueryDTO.flowNameLike}%'
			</if>
			<if test="flowQueryDTO.formCategoryIdIn != null">
				AND form_category.category_id in ${flowQueryDTO.formCategoryIdIn}
			</if>
			<if test="flowQueryDTO.formIdIn != null">
				AND flow.form_id in ${flowQueryDTO.formIdIn}
			</if>
			<if test="flowQueryDTO.isNodeSaveIn != null">
				AND flow.is_node_save in ${flowQueryDTO.isNodeSaveIn}
			</if>
			<if test="flowQueryDTO.delegateTypeIn != null">
				AND flow.delegate_type in ${flowQueryDTO.delegateTypeIn}
			</if>
			<if test="flowQueryDTO.isAttentionIn != null">
				AND flow.is_attention in ${flowQueryDTO.isAttentionIn}
			</if>
			<if test="flowQueryDTO.isSeeAttentionIn != null">
				AND flow.is_see_attention in ${flowQueryDTO.isSeeAttentionIn}
			</if>
			<if test="flowQueryDTO.flowVersionLike != null">
				AND flow.flow_version like '%${flowQueryDTO.flowVersionLike}%'
			</if>
			<if test="flowQueryDTO.flowTypeIn != null">
				AND flow.flow_type in ${flowQueryDTO.flowTypeIn}
			</if>
			<if test="flowQueryDTO.applicationTypeIn != null">
				AND flow.application_type in ${flowQueryDTO.applicationTypeIn}
			</if>
			<if test="flowQueryDTO.draftTypeIn != null">
				AND flow.draft_type in ${flowQueryDTO.draftTypeIn}
			</if>
			<if test="flowQueryDTO.flowDescriptionLike != null">
				AND flow.flow_description like '%${flowQueryDTO.flowDescriptionLike}%'
			</if>
			<!-- 导出筛选 -->
			<if test="flowQueryDTO.flowIds != null and flowQueryDTO.flowIds.size != 0">
				AND flow.flow_id IN
				<foreach collection="flowQueryDTO.flowIds"
					index="index" item="item" open="(" separator="," close=")">
					#{item}
				</foreach>
			</if>
		</if>	
  	</sql>
   
   <select id="queryFlow" parameterType="com.differ.jackyun.oa.dto.flow.FlowQueryDTO" resultMap="BaseResultMap">
		SELECT flow.*,category.category_name,form.form_name,form_category.category_id formCategoryId,form_category.category_name formCategoryName
		FROM j_oa_flow flow 
		LEFT JOIN j_oa_flow_category category ON flow.category_id = category.category_id
		LEFT JOIN j_oa_form form ON flow.form_id = form.form_id
		LEFT JOIN j_oa_form_category  form_category ON form.category_id = form_category.category_id
		WHERE is_deleted = 0
		AND parent_flow_id = 0
		<include refid="flow_query"/>
  		<if test="page!=null">
			<if test="page.sortField != null and page.sortField != '' ">
				order by ${page.sortField}
				<if test="page.sortOrder != null and page.sortOrder != '' ">
					${page.sortOrder}
				</if>
			</if>
			<if test="page.sortField == null or page.sortField == '' ">
				order by category.category_code ASC,flow.gmt_create DESC 
			</if>
			<if test="page.pageIndex != null and page.pageSize != null">
				limit #{page.offset}, #{page.pageSize}
			</if>
		</if>	
	</select>
   
  <sql id="Base_Column_List" >
    user_id, user_name, password, email, mobile, real_name, main_depart_id, main_depart_name, 
    position_id, position_name, leader_depart_id, leader_depart_name, leader_user_id, 
    leader_user_name, leader_position_id, leader_positon_name, gmt_create, gmt_modified
  </sql>
  
  
  	<select id="login" resultMap="BaseResultMap" parameterType="object">
		select * from  j_user where user_name=#{userName} and  password=#{password}
	</select>
	
	
	<select id="selectNameById" resultType="java.lang.String" parameterType="java.lang.Long">
		select user_name from  j_user where user_id=#{userId} 
	</select>
   
</mapper>