<?xml version="1.0" encoding="UTF-8" ?>
<!DOCTYPE mapper PUBLIC "-//mybatis.org//DTD Mapper 3.0//EN" "http://mybatis.org/dtd/mybatis-3-mapper.dtd" >
<mapper namespace="com.cq.dao.NodeConditionDao" >
  <resultMap id="BaseResultMap" type="com.cq.model.NodeCondition" >
    <id column="id" property="id" jdbcType="INTEGER" />
    <result column="node_id" property="nodeId" jdbcType="BIGINT" />
    <result column="next_node_id" property="nextNodeId" jdbcType="BIGINT" />
    <result column="form_attribute" property="formAttribute" jdbcType="VARCHAR" />
    <result column="operate_condition" property="operateCondition" jdbcType="VARCHAR" />
    <result column="form_value" property="formValue" jdbcType="VARCHAR" />
    <result column="gmt_create" property="gmtCreate" jdbcType="TIMESTAMP" />
    <result column="gmt_modified" property="gmtModified" jdbcType="TIMESTAMP" />
  </resultMap>
  
  <resultMap id="DTOResultMap" type="com.cq.dto.NodeConditionDTO" >
    <id column="id" property="id" jdbcType="INTEGER" />
    <result column="node_id" property="nodeId" jdbcType="BIGINT" />
    <result column="next_node_id" property="nextNodeId" jdbcType="BIGINT" />
    <result column="form_attribute" property="formAttribute" jdbcType="VARCHAR" />
    <result column="operate_condition" property="operateCondition" jdbcType="VARCHAR" />
    <result column="form_value" property="formValue" jdbcType="VARCHAR" />
    <result column="gmt_create" property="gmtCreate" jdbcType="TIMESTAMP" />
    <result column="gmt_modified" property="gmtModified" jdbcType="TIMESTAMP" />
  </resultMap>
 
  <sql id="Base_Column_List" >
    id, node_id, next_node_id, form_attribute, operate_condition, form_value, gmt_create, 
    gmt_modified
  </sql>
  
  <insert id="insertNodeCondition" parameterType="com.cq.model.NodeCondition">
    insert into j_oa_node_condition
    <trim prefix="(" suffix=")" suffixOverrides=",">
      <if test="id != null">
        id,
      </if>
      <if test="nodeId != null">
        node_id,
      </if>
      <if test="nextNodeId != null">
        next_node_id,
      </if>
      <if test="formAttribute != null">
        form_attribute,
      </if>
      <if test="operateCondition != null">
        operate_condition,
      </if>
      <if test="formValue != null">
        form_value,
      </if>
      <if test="gmtCreate != null">
        gmt_create,
      </if>
      <if test="gmtModified != null">
        gmt_modified,
      </if>
    </trim>
    <trim prefix="values (" suffix=")" suffixOverrides=",">
      <if test="id != null">
        #{id,jdbcType=INTEGER},
      </if>
      <if test="nodeId != null">
        #{nodeId,jdbcType=BIGINT},
      </if>
      <if test="nextNodeId != null">
        #{nextNodeId,jdbcType=BIGINT},
      </if>
      <if test="formAttribute != null">
        #{formAttribute,jdbcType=VARCHAR},
      </if>
      <if test="operateCondition != null">
        #{operateCondition,jdbcType=VARCHAR},
      </if>
      <if test="formValue != null">
        #{formValue,jdbcType=VARCHAR},
      </if>
      <if test="gmtCreate != null">
        #{gmtCreate,jdbcType=TIMESTAMP},
      </if>
      <if test="gmtModified != null">
        #{gmtModified,jdbcType=TIMESTAMP},
      </if>
    </trim>
  </insert>
   
   <update id="updateNodeCondition" parameterType="com.cq.model.NodeCondition">
    update j_oa_node_condition
    <set>
    <trim suffixOverrides=",">
      <if test="nodeId != null">
        node_id = #{nodeId,jdbcType=BIGINT},
      </if>
      <if test="nextNodeId != null">
        next_node_id = #{nextNodeId,jdbcType=BIGINT},
      </if>
      <if test="formAttribute != null">
        form_attribute = #{formAttribute,jdbcType=VARCHAR},
      </if>
      <if test="operateCondition != null">
        operate_condition = #{operateCondition,jdbcType=VARCHAR},
      </if>
      <if test="formValue != null">
        form_value = #{formValue,jdbcType=VARCHAR},
      </if>
      <if test="gmtCreate != null">
        gmt_create = #{gmtCreate,jdbcType=TIMESTAMP},
      </if>
      <if test="gmtModified != null">
        gmt_modified = #{gmtModified,jdbcType=TIMESTAMP},
      </if>
      </trim>
    </set>
    where id = #{id,jdbcType=INTEGER}
  </update>
  
  <select id="listNodeCondition" resultMap="DTOResultMap">
    select
    <include refid="Base_Column_List" />
    from j_oa_node_condition
    
    where node_id = #{nodeId,jdbcType=BIGINT}
  </select>
  
  <delete id="deleteNodeCondition" parameterType="java.lang.Integer">
    delete from j_oa_node_condition
    where id = #{id,jdbcType=INTEGER}
  </delete>
  
  <select id="getLastNodeCondition" parameterType="java.lang.Long" resultMap="BaseResultMap">
    select 
    <include refid="Base_Column_List" />
    FROM j_oa_node_condition
    where next_node_id = #{nodeId,jdbcType=BIGINT}
  </select>
</mapper>